listing_id,number,score
44077,256,4.78
85156,210,4.79
159889,355,4.74
162809,326,4.84
165828,64,4.63
165829,76,4.69
178860,313,4.88
181823,50,4.6
237465,392,4.56
245903,43,4.93
292757,361,4.92
302554,59,4.67
302634,104,4.61
374792,35,4.48
386860,92,4.67
393631,72,4.87
419987,145,4.8
424596,518,4.84
426326,254,4.61
427077,498,4.84
427495,176,4.59
449556,270,4.19
454183,93,4.67
468082,295,4.7
497136,113,4.62
522667,430,4.81
526767,568,4.9
587218,220,4.98
592840,42,4.9
610233,61,4.82
637185,158,4.5
641880,46,4.53
654589,538,4.78
690119,216,4.9
726011,164,4.9
726075,3,4.33
736751,74,4.52
736827,7,4.67
742656,367,4.58
743772,5,4.75
747284,38,4.97
871174,243,4.45
872539,120,4.79
922425,131,4.78
928970,37,4.81
929816,161,4.96
939866,156,4.93
946923,11,4.55
990212,38,4.79
990300,204,4.9
998407,252,4.31
999963,10,4.9
1073487,72,4.9
1076634,50,4.64
1086416,240,4.86
1173029,329,4.83
1184087,18,4.89
1207950,72,4.93
1255270,10,4.9
1270261,9,4.89
1276002,70,4.87
1296492,54,4.54
1341478,138,4.59
1364560,140,4.72
1407832,63,4.94
1411019,237,4.78
1421993,56,4.76
1447994,3,5.0
1466234,141,4.73
1488124,119,4.79
1501767,61,4.64
1518845,58,4.84
1520036,51,4.56
1556554,19,4.89
1559929,60,4.92
1582908,64,4.83
1600779,73,4.9
1717912,309,4.83
1729959,4,4.75
1797712,67,4.88
1804494,107,4.88
1896821,18,4.53
1906221,512,4.89
1929739,82,4.88
1943366,133,4.83
1963074,615,4.97
2026810,292,4.73
2069629,64,4.68
2084913,48,4.79
2121887,7,4.71
2162973,58,4.82
2164444,476,4.51
2165074,121,4.83
2283713,321,4.59
2355991,56,4.94
2372993,171,4.85
2394893,243,4.92
2415104,252,4.9
2427857,249,4.96
2466169,213,4.65
2471794,114,4.92
2481147,27,4.56
2489550,450,4.89
2514537,2,5.0
2574203,371,4.91
2607040,56,4.73
2610590,2,4.0
2614726,6,4.5
2620389,6,4.17
2642164,39,4.92
2647405,70,4.61
2671586,1,5.0
2685349,106,4.87
2686112,72,4.61
2691951,69,4.94
2703497,2,5.0
2719863,3,4.33
2734096,23,4.91
2754860,7,5.0
2760521,6,4.67
2770813,102,4.62
2778697,115,4.89
2791857,249,4.94
2795703,49,4.85
2832333,183,4.91
2842414,6,3.33
2842486,139,4.34
2850155,1,5.0
2862881,34,4.85
2873250,6,5.0
2874272,144,4.56
2885736,6,4.83
2891101,109,4.83
2903645,27,4.81
2923471,55,4.87
2985355,47,4.53
3009793,31,4.53
3012532,128,4.81
3026802,11,4.91
3031518,66,4.58
3042183,35,4.85
3042237,35,4.82
3048852,82,4.82
3076665,139,4.63
3088332,20,4.9
3096382,230,4.73
3110929,40,4.8
3137058,99,4.9
3180314,6,4.5
3188621,155,4.46
3221575,31,4.58
3226975,6,3.75
3253976,78,4.92
3260995,2,4.5
3273876,3,4.33
3281268,24,4.77
3333378,119,4.85
3356956,35,4.91
3388678,13,4.85
3389175,93,4.77
3394094,208,4.75
3424579,13,4.77
3430811,25,4.92
3441888,9,4.56
3441994,26,4.92
3474511,640,4.94
3482676,5,5.0
3576358,28,4.75
3579644,239,4.91
3581384,20,4.8
3581655,266,4.94
3592153,156,4.79
3604420,28,4.86
3604440,123,4.85
3622736,5,4.25
3634410,61,4.54
3643131,46,4.59
3698469,66,4.91
3708033,7,4.8
3723817,3,4.67
3725793,5,4.6
3737322,8,5.0
3740535,6,4.17
3741414,20,4.45
3741699,7,4.57
3747675,25,4.78
3749697,109,4.84
3767317,3,4.67
3770752,304,4.9
3789686,388,4.8
3801472,1,4.0
3811548,13,4.85
3818337,51,4.76
3841286,11,4.82
3851295,34,4.91
3856095,72,4.88
3868060,6,5.0
3879473,339,4.76
3882631,171,4.78
3899828,15,4.62
3922631,5,4.8
3951360,117,4.84
3965249,185,4.87
3991589,157,4.9
4075119,12,5.0
4080295,1,5.0
4092157,23,4.71
4093174,11,4.55
4095938,189,4.79
4108004,1,5.0
4160003,22,4.77
4177992,219,4.94
4208603,119,4.92
4255534,50,4.78
4261174,14,4.93
4282658,100,4.91
4294854,187,4.55
4296435,109,4.89
4302167,103,4.84
4313897,17,4.94
4317345,7,4.67
4328664,2,5.0
4337495,75,4.8
4368210,10,4.44
4378260,108,4.75
4382103,9,4.88
4391824,138,4.7
4403308,5,5.0
4423190,1,5.0
4435614,55,4.91
4446134,21,4.81
4446326,36,4.68
4479658,4,5.0
4492472,21,4.48
4585502,187,4.72
4604580,66,4.94
4630635,6,4.67
4637734,1,4.0
4665890,135,4.81
4713441,2,5.0
4728250,98,4.54
4755440,1,5.0
4770798,1,5.0
4776516,2,5.0
4804987,44,4.66
4821901,5,4.4
4857684,105,4.9
4872877,55,4.52
4940924,13,5.0
4945419,5,5.0
4963289,467,4.93
4965606,86,4.64
4981330,61,4.7
5000537,151,4.96
5019767,189,4.77
5045518,53,4.88
5056234,88,4.61
5091879,23,4.96
5092240,71,4.6
5092800,37,4.57
5103919,3,5.0
5122717,174,4.77
5123315,132,4.77
5140160,108,4.79
5140379,140,4.73
5152543,6,4.83
5162413,59,4.76
5166238,86,4.87
5166950,279,4.86
5198526,196,4.95
5207710,115,4.64
5218203,25,4.96
5257024,249,4.7
5273761,157,4.55
5295002,1,5.0
5295329,10,4.1
5300081,457,4.82
5300721,167,4.95
5314113,19,4.94
5337567,287,4.82
5369640,2,5.0
5370743,122,4.85
5373819,4,3.75
5431304,73,4.85
5436906,48,4.64
5437940,1,4.0
5438280,5,5.0
5441663,2,5.0
5458089,336,4.68
5472279,4,5.0
5478988,9,5.0
5496959,17,4.53
5505799,1,5.0
5522457,1,5.0
5549787,370,4.77
5570464,129,4.57
5570664,2,4.5
5570901,87,4.92
5579919,29,4.9
5580328,387,4.92
5586252,26,4.77
5605620,29,4.76
5605805,14,4.69
5616591,1,4.0
5617786,1,5.0
5624357,196,4.74
5640675,6,4.5
5656305,572,4.18
5664563,28,4.52
5671611,113,4.88
5688459,9,5.0
5696906,179,4.76
5710121,167,4.92
5729324,2,4.5
5740595,17,4.59
5746728,43,4.98
5754964,60,4.92
5760168,7,4.57
5789915,5,5.0
5790359,69,4.5
5833366,5,4.4
5835782,54,4.67
5857412,157,4.71
5871701,10,5.0
5886395,11,4.64
5887020,4,5.0
5887717,286,4.48
5891844,3,4.33
5893248,158,4.6
5893921,90,4.26
5914901,2,4.5
5929711,20,4.95
5931030,6,4.83
5931145,164,4.62
5939399,18,4.76
5946473,228,4.65
5986332,2,5.0
5988881,55,4.82
6001756,11,4.5
6014140,2,4.5
6027743,295,4.52
6060977,29,4.93
6065352,6,4.67
6090253,1,3.0
6091960,62,4.74
6097160,121,4.76
6111087,2,4.5
6111384,14,4.77
6119495,2,5.0
6127298,11,4.55
6149285,10,4.7
6153865,83,4.76
6164649,6,5.0
6164856,25,4.83
6179782,25,4.79
6237072,2,4.5
6241997,9,4.33
6255482,2,5.0
6266903,94,4.83
6271602,4,4.5
6283612,15,4.87
6286228,86,4.92
6289736,2,4.0
6290081,79,4.96
6294418,272,4.94
6309046,20,4.95
6347315,28,4.85
6348110,24,4.83
6360951,2,4.0
6361100,2,4.5
6368959,28,4.82
6385487,122,4.9
6394075,1,5.0
6396228,426,4.96
6406867,313,4.5
6423196,17,5.0
6432589,3,5.0
6450986,26,4.56
6450993,182,4.95
6455564,55,4.76
6456408,7,4.67
6457068,173,4.88
6458595,22,4.65
6465408,153,4.94
6466331,41,4.73
6478098,18,4.69
6478206,75,4.8
6484506,40,4.9
6494825,399,4.91
6509140,28,4.64
6511695,3,4.67
6525248,5,4.8
6525773,14,4.93
6526063,2,4.5
6530735,28,4.82
6531116,1,5.0
6566265,23,4.95
6568588,40,4.48
6580137,291,4.8
6602165,115,4.87
6630854,6,4.8
6631138,1,4.0
6637187,361,4.44
6651135,8,4.88
6655655,50,4.72
6656507,3,5.0
6657851,86,4.88
6666524,1,5.0
6677566,169,4.91
6677678,176,4.94
6681883,222,4.58
6691473,30,4.9
6705101,101,4.96
6710681,59,4.9
6718806,30,4.56
6739022,1,3.0
6743129,27,4.81
6756249,4,3.25
6761015,22,4.84
6765402,125,4.97
6770636,15,4.8
6778919,3,5.0
6781323,92,4.98
6797599,2,4.0
6803316,104,4.88
6811302,1,4.0
6816938,41,4.95
6817067,42,4.88
6834535,331,4.74
6835763,2,5.0
6839796,48,4.92
6850333,1,4.0
6860535,93,4.76
6867338,22,4.91
6881382,4,3.5
6882121,2,4.5
6895847,340,4.78
6896840,45,4.76
6897771,14,4.93
6900334,2,5.0
6905248,1,3.0
6914056,109,4.45
6929078,48,4.69
6936928,1,5.0
6937541,1,3.0
6937850,16,4.86
6938725,1,5.0
6944587,2,3.0
6951899,47,4.74
6953188,6,4.67
6964134,19,4.56
6964763,16,4.21
6966196,1,5.0
6988799,23,4.82
6988823,10,4.7
6991430,413,4.92
7015349,20,5.0
7032060,31,4.29
7064136,4,4.67
7064551,1,5.0
7071476,76,4.9
7092187,8,4.5
7092752,10,4.11
7112941,5,3.75
7121459,31,4.94
7132062,349,4.83
7155088,76,4.73
7167116,6,4.5
7170257,1,4.0
7185702,29,4.93
7193740,72,4.82
7197690,17,4.76
7202481,1,5.0
7203213,7,4.57
7210651,282,4.62
7214457,28,4.79
7223692,2,5.0
7241004,5,5.0
7256198,4,4.5
7268410,4,4.75
7269130,78,4.41
7269423,47,4.76
7299362,1,5.0
7299730,2,5.0
7323991,274,4.78
7326924,93,4.84
7328652,431,4.87
7344109,121,4.87
7346103,39,4.76
7353069,53,4.6
7355856,2,4.0
7361592,11,4.36
7375861,1,5.0
7380009,8,4.63
7380547,6,4.83
7380796,2,4.0
7380947,11,4.55
7385383,11,4.73
7400449,8,4.43
7401319,2,5.0
7412084,30,4.54
7412897,21,4.55
7413610,101,4.86
7418150,127,4.52
7419724,23,5.0
7450614,178,4.76
7450650,443,4.87
7455315,25,4.88
7472894,1,3.0
7476727,7,4.33
7514961,7,4.57
7521525,7,4.14
7524194,2,4.0
7525262,2,5.0
7527861,53,4.66
7531892,67,4.66
7542897,87,4.91
7546933,37,4.22
7552182,90,4.33
7552924,112,4.73
7554718,1,5.0
7561671,8,4.86
7562223,13,4.23
7569253,16,4.69
7572502,13,5.0
7581366,4,4.25
7586899,140,4.95
7590197,81,4.5
7595241,5,4.75
7600386,4,2.75
7600405,1,5.0
7609058,8,4.71
7609686,3,3.5
7619391,11,4.1
7624035,24,4.83
7625212,173,4.62
7626133,9,4.67
7630788,172,4.83
7631467,37,4.35
7636508,11,4.64
7642454,1,5.0
7642809,2,4.0
7646488,39,4.82
7660443,6,4.83
7673096,99,4.62
7683106,127,4.74
7691466,5,4.5
7692164,51,4.86
7695793,2,5.0
7708290,4,4.75
7721413,7,3.14
7721603,2,4.5
7737502,181,4.87
7740402,185,4.26
7743645,1,3.5
7768793,1,4.0
7772306,8,4.25
7781066,422,4.9
7794292,6,4.67
7804738,4,5.0
7814088,126,4.95
7820496,31,4.65
7831456,18,4.56
7838014,33,4.91
7855080,47,4.94
7856689,119,4.93
7862573,7,4.8
7863252,1,1.0
7878322,72,4.67
7881171,2,4.5
7882182,44,4.67
7892233,31,4.83
7914345,55,4.44
7921756,1,5.0
7929311,10,4.86
7946909,2,5.0
7948611,1,4.0
8000922,3,5.0
8003265,48,4.96
8011178,280,4.79
8019732,3,5.0
8040999,1,5.0
8080563,167,4.54
8088575,128,4.77
8095360,5,5.0
8097974,18,4.73
8110645,2,4.5
8111927,4,4.75
8137470,206,4.77
8156378,11,4.0
8189259,1,5.0
8196103,192,4.75
8216655,81,4.81
8224514,47,4.77
8250941,4,5.0
8255660,3,4.0
8266542,6,5.0
8286998,450,4.86
8292221,61,4.45
8292546,5,4.8
8308211,3,5.0
8310664,238,4.69
8347728,1,4.0
8352687,124,4.48
8367825,19,4.74
8377038,93,4.84
8380582,55,4.84
8381004,4,4.75
8381293,185,4.95
8381482,264,4.93
8384749,1,5.0
8397692,266,4.59
8399632,3,5.0
8404040,1,5.0
8405783,2,4.0
8446604,111,4.69
8464863,24,4.88
8466682,5,3.6
8512998,5,4.8
8521217,12,4.92
8522094,98,4.66
8546527,21,4.76
8550046,146,4.4
8559817,267,4.91
8571353,19,4.89
8608235,176,4.87
8643994,52,4.83
8650923,21,4.78
8668079,61,4.83
8697709,67,4.74
8719028,324,4.74
8731351,37,4.86
8748836,3,4.67
8759826,4,4.5
8766196,4,4.5
8777085,2,5.0
8793671,98,4.24
8805267,6,4.83
8806790,65,4.89
8835332,2,4.0
8838761,8,4.75
8864614,10,4.8
8885662,2,4.5
8903563,1,5.0
8915234,56,4.31
8967884,3,4.67
8968309,104,4.71
8977131,3,4.67
8988287,15,4.87
9000195,44,4.82
9011981,2,4.5
9019981,4,4.75
9038493,84,4.89
9045260,24,4.57
9056000,129,4.78
9072636,1,5.0
9089096,3,4.0
9092972,21,4.9
9111307,58,4.89
9111339,18,4.53
9115591,2,4.5
9122936,114,4.81
9126603,5,4.4
9130624,1,4.0
9132464,22,4.77
9141999,1,3.0
9149075,179,4.54
9151839,24,4.75
9160181,306,4.94
9162084,1,4.0
9186066,84,4.88
9192255,239,4.28
9196723,21,4.62
9224676,49,4.47
9232746,8,4.88
9236381,7,5.0
9247540,218,4.54
9254452,41,4.9
9258159,15,4.8
9280022,1,4.0
9290756,5,4.6
9293644,44,4.86
9315474,127,4.56
9338880,5,4.8
9342223,25,4.81
9366403,171,4.95
9401760,61,4.75
9420082,2,4.5
9422501,4,4.75
9448528,137,4.63
9449373,86,4.76
9468237,4,5.0
9470721,351,4.64
9475111,36,4.88
9559095,199,4.9
9568877,1,2.5
9573310,10,4.8
9592476,1,4.0
9613946,1,4.0
9623111,23,4.88
9641440,60,4.93
9661195,5,4.0
9666343,1,5.0
9687319,3,4.67
9709674,45,4.49
9722299,1,4.0
9722820,1,5.0
9730671,497,4.95
9734828,14,4.79
9742084,33,4.65
9748309,1,5.0
9791712,51,4.76
9804066,211,4.94
9820907,6,3.67
9835087,1,5.0
9835656,5,5.0
9851118,9,4.25
9857003,18,4.78
9876106,289,4.64
9892682,164,4.41
9901340,79,4.89
9919222,305,4.92
9926255,8,4.5
9931795,1,5.0
9941144,35,4.91
9950604,17,4.18
9969686,11,4.82
10006474,8,4.88
10035766,18,4.41
10098485,2,4.5
10128292,232,4.83
10134641,7,4.71
10146203,106,4.58
10207081,23,4.52
10219889,51,4.78
10247410,5,4.6
10249544,55,4.75
10259932,84,4.81
10265954,187,4.85
10269677,109,4.13
10294208,126,4.83
10350171,19,4.63
10355640,3,5.0
10365390,1,5.0
10404636,4,4.5
10409581,17,4.88
10410110,19,4.89
10410661,3,5.0
10433007,182,4.69
10509188,74,4.93
10513280,247,4.97
10521517,2,4.5
10572695,23,4.87
10585555,3,5.0
10600660,78,4.95
10654920,44,4.43
10676358,131,4.84
10691248,12,4.92
10703188,3,4.33
10703610,92,4.77
10715719,1,4.0
10724235,3,4.0
10728163,41,4.5
10781131,3,5.0
10784535,1,4.0
10818556,2,4.5
10824761,7,5.0
10881092,6,4.0
10883005,129,4.87
10894501,7,4.71
10907846,1,5.0
10908028,7,4.57
10916487,1,5.0
10945353,1,5.0
10961041,10,4.6
10963898,7,5.0
10964495,7,4.71
10976284,8,4.38
10978447,113,4.3
10983874,5,4.4
10987796,109,4.88
11008133,151,4.81
11013301,1,5.0
11041254,7,4.71
11056503,105,4.97
11056980,47,4.72
11064371,37,4.77
11080303,69,4.59
11117015,1,3.0
11119407,4,5.0
11122611,56,4.67
11131579,158,4.97
11131679,2,5.0
11134872,1,4.0
11137294,25,4.32
11138404,2,4.0
11160926,2,4.5
11201562,52,4.92
11211533,82,4.89
11216939,5,4.4
11217756,103,4.13
11233281,36,4.77
11238793,1,4.0
11248447,8,4.63
11249898,13,4.54
11250886,3,5.0
11255072,62,4.62
11269403,200,4.74
11275684,22,4.91
11276216,1,4.0
11278756,350,4.98
11299001,17,4.93
11299538,2,5.0
11300853,22,4.95
11310913,119,4.71
11353114,1,3.0
11366798,4,5.0
11369169,13,4.92
11373749,3,5.0
11392404,4,5.0
11412823,197,4.79
11417283,71,4.86
11425524,109,4.94
11428580,51,4.8
11439644,10,4.7
11448467,233,4.82
11467986,1,5.0
11470909,4,4.75
11477976,7,4.86
11479067,151,4.49
11485089,5,4.8
11502727,151,4.96
11506495,7,4.29
11520349,11,4.91
11524249,6,4.33
11525921,5,4.33
11526781,2,5.0
11541636,8,4.71
11551428,2,5.0
11551602,2,4.0
11562437,15,4.87
11565151,5,5.0
11565492,2,5.0
11566781,14,5.0
11567383,2,4.5
11572186,4,4.75
11587474,129,4.91
11587490,143,4.78
11587622,14,4.71
11590759,1,5.0
11590832,1,4.0
11604537,70,4.73
11618147,38,4.95
11620981,24,4.71
11621055,8,5.0
11642773,29,4.96
11647025,110,4.91
11651390,5,5.0
11653856,14,4.64
11653894,361,4.57
11654784,21,4.62
11656742,150,4.97
11673606,1,5.0
11685691,42,4.8
11691914,39,4.1
11693425,2,5.0
11708439,60,4.88
11719759,2,4.5
11726550,29,4.9
11727850,3,4.33
11728466,30,4.87
11745622,277,4.8
11765229,13,4.67
11765464,7,5.0
11772450,18,4.94
11782221,68,4.93
11785748,1,5.0
11785973,6,4.2
11810445,4,5.0
11810725,4,4.75
11822012,247,4.55
11822994,8,5.0
11823871,25,4.92
11826262,6,4.67
11833547,196,4.7
11840083,127,4.65
11840668,7,4.71
11843568,7,4.83
11848597,80,4.63
11859424,5,3.25
11862066,437,4.69
11877623,1,5.0
11889903,107,4.73
11932118,29,4.72
11937394,19,4.95
11938262,33,4.74
11956632,82,4.89
11960414,1,4.0
11969518,45,4.82
11973034,1,5.0
11977138,90,4.89
11983399,1,5.0
11988114,117,4.68
11989170,28,4.81
11994815,6,4.83
11997820,2,4.0
12001151,1,5.0
12001805,1,5.0
12006853,10,5.0
12018433,47,4.94
12022727,2,4.5
12046928,5,5.0
12054202,16,4.33
12100190,45,4.43
12103804,94,4.73
12105464,9,5.0
12121040,11,4.7
12124804,65,4.31
12131331,20,4.5
12142737,171,4.68
12142926,211,4.62
12151406,38,4.86
12190222,124,4.69
12200071,9,4.67
12202681,16,4.0
12205880,25,4.83
12218744,5,4.25
12230769,10,4.6
12245664,75,4.82
12277186,2,4.5
12280770,14,4.5
12291396,12,4.7
12305028,278,4.67
12316834,4,5.0
12319039,210,4.71
12335084,2,5.0
12338741,100,4.91
12339299,53,4.52
12357480,182,4.59
12361199,1,5.0
12367192,2,5.0
12380462,11,4.82
12395615,113,4.82
12400367,422,4.72
12407479,178,4.85
12436876,1,5.0
12443911,180,4.87
12451476,6,4.5
12459154,162,4.92
12462228,1,4.0
12486069,1,5.0
12487441,11,5.0
12491909,83,4.7
12507320,78,4.45
12527344,16,5.0
12539487,27,4.85
12541660,6,4.0
12551534,3,4.67
12555070,22,4.77
12567097,277,4.83
12625067,2,5.0
12636200,337,4.87
12641231,1,4.0
12643250,97,4.95
12649302,66,4.89
12675194,8,4.88
12680324,23,4.65
12699587,8,4.63
12706821,211,4.57
12709042,5,4.8
12724935,7,5.0
12727517,4,4.75
12751334,60,4.46
12752158,1,5.0
12753211,1,5.0
12753648,1,3.0
12778275,55,4.84
12794406,1,5.0
12805887,8,5.0
12811219,11,4.91
12816494,6,4.83
12822768,221,4.95
12822802,361,4.9
12849119,14,4.86
12864489,14,4.64
12868145,30,4.93
12885399,1,5.0
12885762,1,5.0
12896253,145,4.8
12897537,11,4.5
12904479,26,4.69
12925152,19,4.95
12929877,105,4.92
12930876,166,4.89
12943297,14,4.88
12951324,3,4.0
12966754,3,4.5
12978613,361,4.54
12981422,55,4.81
12981704,61,4.93
12996153,9,4.78
13024488,75,4.92
13027020,146,4.74
13029437,136,4.91
13051489,15,4.6
13056759,414,4.75
13061094,164,4.96
13062042,9,4.67
13062789,6,4.33
13070848,193,4.6
13072039,5,5.0
13073815,4,4.25
13079299,3,3.5
13087320,55,4.35
13089327,7,4.83
13093955,82,4.9
13121416,2,5.0
13132549,3,2.5
13133350,9,4.89
13136263,4,5.0
13145273,4,4.75
13146804,1,5.0
13146810,40,4.29
13157736,58,4.91
13166568,125,4.97
13168698,1,5.0
13170185,19,4.95
13170839,17,5.0
13187976,52,4.94
13189351,24,4.87
13191068,1,5.0
13200949,28,4.96
13212160,2,4.0
13221415,87,4.83
13238633,13,4.38
13243054,3,5.0
13256574,2,5.0
13263446,148,4.96
13269894,6,4.8
13273818,45,4.37
13274006,86,4.93
13288738,1,5.0
13291603,4,4.25
13296251,187,4.85
13309475,3,4.33
13312397,1,4.0
13314148,11,5.0
13320332,160,4.58
13326351,12,4.83
13328227,55,4.85
13338141,134,4.96
13343644,1,3.0
13344477,2,4.0
13352360,25,4.35
13372909,6,5.0
13376776,135,4.23
13376902,54,4.83
13388904,12,4.58
13391968,7,4.67
13397033,27,4.85
13405707,41,4.93
13407828,9,4.56
13411072,13,4.75
13412185,4,5.0
13414197,2,5.0
13423008,5,4.8
13425025,5,4.4
13432622,8,4.88
13440759,58,4.95
13444781,6,5.0
13449411,2,5.0
13449518,2,3.0
13449542,1,5.0
13450711,17,4.59
13451625,2,4.5
13451668,20,4.95
13455156,4,4.5
13460225,3,5.0
13474729,6,4.83
13474984,95,4.83
13476709,82,4.29
13478425,2,4.5
13478834,6,5.0
13485714,5,4.8
13490110,108,4.96
13491814,1,5.0
13492311,5,5.0
13504505,234,4.96
13514198,49,4.92
13521129,317,4.81
13524806,24,4.84
13530393,76,4.89
13535141,6,4.83
13538844,8,4.25
13539622,87,4.88
13540670,27,4.7
13544982,31,4.72
13545935,205,4.8
13546167,214,4.83
13546713,28,4.59
13558807,2,5.0
13576857,260,4.68
13577314,367,4.32
13583555,242,4.62
13585175,230,4.73
13587448,3,5.0
13589418,5,5.0
13592929,15,5.0
13597329,4,4.75
13602045,43,4.47
13602415,34,4.76
13610824,21,4.9
13612781,7,3.71
13619806,131,4.95
13620184,112,4.58
13620699,3,3.67
13621722,3,4.33
13631175,19,4.89
13638012,4,4.5
13654990,8,4.88
13655139,1,5.0
13656446,1,3.0
13657431,93,4.95
13658185,199,4.24
13668400,2,5.0
13669072,260,4.73
13686644,163,4.89
13689736,592,4.43
13691396,3,4.67
13693205,7,4.86
13707984,4,4.75
13711379,1,5.0
13739315,2,5.0
13740674,91,4.88
13742700,52,4.67
13749993,119,4.92
13750546,22,4.55
13757779,5,4.2
13759408,588,4.58
13759419,78,4.85
13764890,2,4.5
13767409,241,4.55
13767500,5,4.6
13774416,38,4.72
13779492,1,5.0
13783906,22,4.64
13786700,28,4.46
13787166,560,4.46
13792057,42,4.9
13794228,19,4.47
13796842,94,4.88
13797447,164,4.95
13799063,3,4.33
13810912,7,4.71
13811690,1,5.0
13812067,7,4.67
13812621,102,4.86
13813290,85,4.85
13813984,133,4.96
13814160,48,4.81
13817859,132,4.94
13828417,227,4.85
13833899,84,5.0
13837425,1,5.0
13839096,14,4.64
13840148,5,3.6
13845577,3,4.67
13849186,2,5.0
13855963,2,5.0
13863733,2,5.0
13870616,4,5.0
13875674,2,5.0
13904831,2,5.0
13910515,6,4.5
13912999,7,4.86
13913649,5,4.6
13914142,6,4.8
13914639,55,4.75
13923401,15,4.4
13925561,1,5.0
13939258,59,4.85
13947990,4,5.0
13949040,79,4.54
13949954,393,4.88
13966866,20,4.8
13970318,2,4.5
13988513,3,4.67
13995712,51,4.92
13996203,467,4.98
14005062,7,3.0
14005777,7,1.83
14006048,2,5.0
14012265,4,5.0
14014802,45,4.84
14035113,24,4.55
14040519,92,4.93
14040711,135,4.93
14052487,244,4.59
14060494,2,5.0
14064980,6,5.0
14069865,13,4.58
14075685,47,4.91
14079582,12,4.82
14084978,9,3.75
14086734,46,4.61
14088690,21,4.48
14104645,4,4.33
14119109,4,4.75
14120706,47,4.78
14124147,2,5.0
14132419,438,4.77
14135807,9,5.0
14146712,1,4.0
14147637,1,5.0
14150388,114,4.73
14151634,47,4.61
14157433,90,4.86
14160004,1,5.0
14174485,1,5.0
14185013,7,4.86
14190413,162,4.66
14192979,4,4.25
14202693,11,4.82
14207045,1,5.0
14208220,2,3.5
14214586,21,4.86
14233196,56,4.93
14234436,3,4.5
14256959,260,4.96
14258074,6,4.17
14289228,23,4.91
14313639,46,4.73
14316826,29,4.96
14330376,2,5.0
14331209,118,4.79
14332497,151,4.73
14339083,129,4.97
14348340,2,4.5
14351685,2,4.5
14357339,117,4.8
14363628,12,4.92
14367732,407,4.71
14370506,245,4.85
14382050,22,4.95
14414156,23,5.0
14422707,380,4.81
14436901,37,4.84
14438614,1,5.0
14466747,9,4.56
14467409,166,4.69
14493319,1,5.0
14498536,24,4.92
14510597,6,4.4
14528789,14,4.79
14530358,3,4.5
14541302,5,5.0
14541318,7,4.71
14544503,10,4.88
14551512,16,4.73
14553228,16,5.0
14554194,89,4.83
14561036,34,4.91
14570254,9,5.0
14580982,4,3.5
14585984,14,5.0
14597392,2,5.0
14605077,217,4.84
14607312,336,4.72
14624814,6,4.5
14627079,4,5.0
14634841,44,4.95
14645775,9,4.22
14664880,11,4.67
14669504,39,4.95
14702552,17,4.06
14702691,28,4.75
14706201,7,4.33
14711925,58,4.89
14717971,96,4.75
14726645,12,4.45
14727905,96,4.51
14735887,66,4.98
14737463,148,4.86
14742500,238,4.86
14745699,55,4.63
14755491,18,4.72
14770396,164,4.27
14785631,107,4.75
14798540,181,4.82
14813014,4,5.0
14820186,35,4.94
14824418,22,5.0
14838168,69,4.37
14839700,409,4.78
14845900,4,5.0
14857131,18,4.83
14857381,74,4.73
14879971,38,5.0
14898821,132,4.82
14904122,5,5.0
14907513,2,4.5
14932890,33,4.19
14934635,17,5.0
14938508,157,4.61
14941430,725,4.81
14943168,55,4.84
14957692,7,3.14
14957777,33,4.27
14958082,16,4.31
14960022,9,3.89
14963529,171,4.95
14972466,6,4.0
14979329,82,4.47
14998533,179,4.83
15000162,1,5.0
15014593,168,4.76
15022396,3,5.0
15030483,11,5.0
15034757,58,4.84
15040997,11,4.91
15041289,15,4.77
15041305,61,4.6
15054597,18,4.89
15054939,52,4.67
15055615,22,4.5
15063921,227,4.96
15069913,22,4.86
15112889,6,4.83
15119596,35,4.86
15119820,69,4.94
15119965,51,5.0
15128996,38,4.75
15137237,302,4.87
15155552,148,4.88
15158289,3,4.0
15161206,250,4.98
15162862,43,4.47
15169715,3,4.67
15179261,201,4.49
15197756,198,4.76
15204058,164,4.6
15215993,74,4.8
15217206,140,4.93
15219928,120,4.79
15230072,8,4.0
15230263,20,5.0
15232922,174,4.87
15242851,7,5.0
15253032,17,4.71
15261952,282,4.91
15270528,2,5.0
15293223,3,5.0
15297080,358,4.73
15339244,2,5.0
15342454,8,4.13
15410846,222,4.33
15416221,204,4.62
15435282,76,4.83
15443280,8,4.43
15451476,140,4.84
15452114,2,5.0
15466582,8,5.0
15467987,56,4.4
15472365,3,4.0
15480160,107,4.22
15482095,4,5.0
15506225,38,4.68
15517141,82,4.33
15520068,48,4.88
15556545,2,5.0
15606359,128,4.81
15625970,46,4.85
15630107,23,4.9
15653924,43,4.88
15662149,164,4.67
15662629,156,4.78
15677169,16,5.0
15677594,1,5.0
15682438,190,4.68
15695376,175,4.83
15695932,178,4.8
15696557,60,4.67
15701179,98,4.9
15702634,66,4.97
15716017,151,4.48
15725118,16,5.0
15726268,76,4.87
15726888,141,4.74
15742326,135,4.66
15749806,9,5.0
15757589,116,4.71
15763163,23,4.91
15771291,68,4.88
15771766,87,4.84
15779845,90,4.9
15781024,22,4.62
15786005,11,4.64
15795790,79,4.89
15796152,51,4.73
15804562,40,4.49
15814444,13,4.77
15818092,27,4.62
15825533,49,4.66
15831512,59,4.8
15832531,8,4.29
15833412,9,5.0
15848846,121,4.93
15854530,83,4.77
15885600,16,4.67
15892986,167,4.78
15900362,1,5.0
15908888,3,5.0
15916900,115,4.86
15917752,138,4.78
15924158,2,4.0
15938362,38,4.86
15940703,3,4.0
15969367,19,5.0
15969811,2,5.0
15978026,74,4.91
16014305,47,4.87
16014387,44,4.7
16017066,26,4.65
16017372,2,4.5
16038778,15,5.0
16039058,184,4.73
16050196,42,4.73
16064201,4,5.0
16077398,1,5.0
16109288,8,4.57
16129670,158,4.94
16146498,1,5.0
16156397,52,4.87
16157088,2,4.0
16159302,54,4.72
16172934,111,4.78
16185217,1,4.0
16188511,2,5.0
16200398,28,4.64
16201617,5,4.0
16202907,2,3.5
16218195,8,4.13
16243310,79,4.97
16250821,20,4.89
16255825,3,4.33
16255930,10,4.4
16257025,33,4.76
16265916,35,4.69
16270951,94,4.45
16272999,41,4.61
16278330,2,5.0
16293277,4,4.67
16305942,4,5.0
16309843,8,4.86
16333637,35,4.94
16355072,154,4.91
16388667,7,5.0
16403060,149,4.5
16422467,23,4.57
16424953,11,4.27
16436842,47,4.51
16440545,12,4.92
16447955,78,4.69
16476531,178,4.95
16501354,110,4.66
16506904,269,4.64
16539288,296,4.76
16574449,76,4.35
16583959,4,5.0
16584113,2,4.5
16584154,8,4.75
16600911,5,4.6
16623868,130,4.88
16625894,11,4.64
16654869,262,4.82
16657391,13,4.85
16660908,413,4.78
16673324,152,4.61
16697344,3,4.67
16717269,4,5.0
16723237,4,5.0
16738755,4,5.0
16751516,18,4.18
16753787,297,4.54
16762429,97,4.45
16773126,65,4.57
16773924,91,4.9
16776470,59,4.62
16779325,11,4.91
16801749,2,5.0
16801886,25,4.24
16809676,307,4.34
16809987,141,4.9
16810933,3,5.0
16823486,122,4.89
16827752,4,4.5
16835753,121,4.36
16840562,25,4.81
16854865,2,5.0
16858195,67,4.43
16887983,16,4.88
16888535,23,4.0
16892665,7,4.57
16939447,46,4.93
16944672,263,4.71
16945019,75,4.51
16952757,48,4.83
16971923,58,4.84
16991227,5,4.4
16996308,7,5.0
17009602,27,4.72
17012260,65,4.78
17024098,11,4.91
17034586,1,5.0
17038030,2,5.0
17048961,9,4.89
17050103,40,4.95
17050779,386,4.74
17080347,33,4.84
17093485,2,5.0
17101503,26,4.96
17117272,1,5.0
17120391,9,5.0
17133387,114,4.57
17148322,12,4.45
17155240,74,4.92
17163088,3,4.67
17163361,186,4.95
17166109,136,4.6
17175658,83,4.93
17182361,30,4.93
17215828,27,4.85
17220159,43,4.91
17223836,3,5.0
17229815,166,4.77
17250633,5,4.8
17250812,22,4.95
17254698,136,4.95
17259306,1,5.0
17260698,2,5.0
17266494,12,4.36
17270780,17,4.69
17281376,29,4.72
17282744,61,4.44
17299318,1,5.0
17300101,70,4.44
17310826,5,5.0
17316655,68,4.81
17327215,123,4.89
17332289,1,5.0
17340060,120,4.73
17341140,6,4.2
17354239,71,4.73
17359519,5,5.0
17364110,3,5.0
17393930,4,5.0
17397359,85,4.67
17397836,81,4.88
17404624,5,5.0
17405291,126,4.9
17413716,11,5.0
17414703,96,4.77
17415446,72,4.92
17418540,229,4.96
17427277,19,4.94
17430482,193,4.84
17452508,12,5.0
17458320,19,4.79
17472575,20,5.0
17477190,27,4.88
17478225,8,4.5
17479761,40,4.63
17486966,13,4.7
17497180,63,4.86
17502918,14,4.64
17504921,16,4.81
17508695,2,5.0
17512654,1,4.0
17522834,4,4.5
17526979,1,5.0
17529529,4,4.33
17537997,4,4.0
17541932,7,4.57
17550825,82,4.56
17551000,1,5.0
17556584,74,4.31
17562361,3,4.67
17567424,46,4.91
17568650,1,5.0
17571486,6,4.8
17574284,148,4.93
17584567,10,4.4
17589038,22,4.59
17590383,3,5.0
17597032,1,5.0
17597039,21,4.33
17605506,357,4.86
17607779,1,4.0
17613753,1,5.0
17613918,9,5.0
17618483,1,5.0
17620923,2,4.0
17620947,1,5.0
17621238,20,4.42
17629997,21,4.48
17637701,2,4.0
17638393,2,5.0
17646024,13,4.54
17646150,2,4.5
17648114,189,4.88
17648997,1,4.0
17649031,218,4.77
17662306,1,5.0
17662376,8,4.75
17666241,219,4.85
17673363,204,4.87
17675992,3,3.0
17677191,3,4.0
17678182,1,4.0
17682161,16,4.36
17682372,33,4.72
17688731,345,4.91
17689000,267,4.62
17690036,143,4.91
17692989,9,4.75
17698717,3,4.0
17699228,10,4.75
17700049,14,4.58
17700089,10,4.8
17700290,1,5.0
17706880,18,4.94
17706892,2,5.0
17707064,62,4.85
17710194,137,4.69
17712286,15,4.0
17728457,8,5.0
17730621,6,4.67
17732498,2,4.5
17740404,5,4.75
17741089,6,5.0
17742527,471,4.77
17742592,2,5.0
17756677,91,4.81
17772474,35,4.74
17787937,7,5.0
17789586,8,4.5
17800624,3,5.0
17810642,102,4.73
17818039,35,4.83
17835292,45,4.96
17837320,163,4.93
17859553,12,4.25
17870583,87,4.66
17871605,28,4.56
17875947,30,4.75
17888424,6,5.0
17901826,183,4.93
17904037,216,4.72
17905996,68,4.49
17920490,40,5.0
17934100,4,4.5
17937371,2,5.0
17948969,4,4.75
17949978,29,5.0
17951259,19,4.79
17956231,30,4.9
17959343,28,4.48
17976248,7,5.0
17978884,58,4.53
17988900,10,4.8
17990079,7,4.57
18021228,276,4.93
18023670,216,4.81
18030574,1,4.0
18030607,17,4.88
18035688,147,4.84
18037875,30,4.93
18038811,238,4.69
18040912,397,4.66
18041181,3,5.0
18044248,15,4.93
18055626,6,4.8
18056485,22,4.73
18058089,164,4.61
18065309,7,4.67
18065880,127,4.75
18073646,212,4.59
18077294,1,5.0
18082511,6,5.0
18084546,217,4.87
18085242,16,5.0
18085458,53,4.94
18109464,108,4.74
18119624,3,5.0
18121557,9,4.78
18124008,9,5.0
18129628,18,4.67
18133419,1,5.0
18135755,1,5.0
18138779,29,4.24
18139699,12,4.25
18146039,6,4.4
18150382,83,4.83
18151164,46,4.89
18165621,80,4.65
18166558,102,4.88
18170033,1,4.0
18179375,140,4.9
18179488,98,4.91
18193876,91,4.59
18201209,11,4.7
18203006,30,4.77
18220420,19,5.0
18220661,37,4.64
18230728,37,4.92
18238473,44,4.84
18245697,3,3.0
18246448,7,4.86
18281628,303,4.76
18281884,19,5.0
18284931,2,4.5
18296740,9,5.0
18300572,10,5.0
18302582,58,4.98
18303827,35,4.63
18304223,19,4.84
18320924,61,4.84
18323759,17,4.71
18324582,22,4.7
18328816,67,4.64
18336892,68,4.21
18349413,3,3.67
18374092,7,4.67
18374461,73,4.9
18381404,220,4.94
18385965,2,5.0
18392187,11,4.82
18393249,20,4.95
18403769,214,4.8
18420208,6,5.0
18424712,5,5.0
18429190,123,4.52
18447127,58,4.38
18452093,19,4.78
18465694,339,4.95
18468018,34,4.3
18475022,37,4.59
18475161,28,4.81
18475231,3,5.0
18485920,26,4.76
18512545,2,3.5
18513357,30,4.28
18514743,395,4.64
18515537,37,4.06
18517231,12,4.55
18522501,2,5.0
18531822,8,4.57
18540909,214,4.92
18541533,18,4.67
18545836,41,4.85
18560100,2,4.5
18561575,132,4.73
18564627,60,4.87
18565443,18,4.35
18583477,169,4.89
18591323,4,5.0
18591643,79,4.91
18594694,84,4.83
18613392,80,4.8
18614233,189,4.8
18628779,38,4.89
18632887,5,3.75
18632998,8,3.83
18645908,41,4.5
18663965,142,4.74
18667423,165,4.88
18669552,21,4.81
18678187,18,4.18
18678766,123,4.95
18679209,31,4.93
18680433,26,4.92
18690122,35,4.86
18728763,25,4.63
18734212,27,5.0
18735152,30,4.9
18740243,9,4.89
18742855,10,4.6
18752180,48,4.81
18752569,106,4.56
18761639,6,4.83
18765494,2,4.0
18768867,9,4.88
18771887,121,4.43
18776839,18,4.88
18781803,49,4.72
18790387,95,4.91
18790712,52,4.96
18791251,30,4.93
18792748,24,4.88
18793005,2,4.0
18799672,1,5.0
18803712,302,4.77
18804967,6,5.0
18817733,45,4.98
18835412,15,4.53
18837038,17,4.93
18845106,5,5.0
18845904,4,4.5
18847673,3,5.0
18848268,258,4.95
18853179,37,4.78
18853837,295,4.86
18854267,2,5.0
18856354,34,4.59
18861697,37,4.94
18864773,12,4.92
18869406,3,4.33
18869426,126,4.65
18869530,196,4.89
18870944,1,5.0
18886421,3,3.0
18903404,184,4.8
18903535,109,4.91
18904305,342,4.92
18912696,8,4.88
18914686,102,4.91
18926197,1,5.0
18926846,6,5.0
18929614,80,4.62
18932296,22,4.95
18938916,145,4.74
18945731,31,4.81
18947620,61,4.86
18954805,3,3.33
18955822,5,4.0
18974495,28,4.44
18987596,22,4.95
18990564,3,4.75
18991499,131,4.86
18993080,103,4.53
18994318,1,5.0
18994714,5,4.0
18995514,16,4.57
18995584,23,4.86
19010374,71,4.83
19023547,2,3.5
19026019,21,5.0
19026252,17,4.75
19027258,4,5.0
19027677,25,5.0
19028229,4,5.0
19033848,20,4.74
19035659,5,4.8
19042258,5,4.0
19062713,4,4.75
19064774,22,4.91
19078972,20,4.2
19082277,70,4.6
19091481,21,4.9
19091994,63,4.87
19101139,16,4.85
19118846,53,4.96
19119814,2,5.0
19130837,1,5.0
19133172,8,4.71
19136246,21,4.43
19137192,72,4.87
19151456,2,5.0
19152499,1,5.0
19154612,5,4.6
19156449,38,4.77
19170335,39,4.82
19171582,160,4.78
19178081,107,4.81
19178552,133,4.6
19180217,1,3.0
19186464,273,4.96
19187100,15,4.8
19189084,305,4.95
19202885,168,4.92
19205307,11,4.75
19211974,16,4.81
19220591,12,4.83
19241403,5,5.0
19244052,20,4.78
19258957,10,4.44
19265844,2,5.0
19268157,1,5.0
19281152,4,4.5
19291945,2,5.0
19292380,246,4.71
19295178,1,3.0
19302879,18,4.88
19311380,3,4.67
19314495,104,4.59
19322054,3,5.0
19322186,12,4.91
19330225,4,5.0
19337728,125,4.9
19339722,3,4.33
19358735,2,5.0
19373387,512,4.55
19386325,2,5.0
19395163,150,4.81
19395195,61,4.82
19399148,2,5.0
19407616,2,5.0
19407951,6,5.0
19409572,12,4.91
19421079,7,4.0
19422750,29,4.83
19425524,145,4.97
19425946,22,4.91
19447157,120,4.81
19449877,5,4.0
19451360,166,4.74
19465304,6,4.83
19470563,5,4.6
19475010,38,4.47
19485467,150,4.74
19485835,221,4.64
19493925,20,4.65
19495100,156,4.66
19495645,253,4.6
19502504,4,4.33
19503088,24,4.96
19504300,4,5.0
19521918,8,4.57
19522601,116,4.59
19527740,5,5.0
19529236,4,5.0
19530664,40,4.9
19535236,173,4.63
19536043,20,4.44
19536949,4,5.0
19546574,468,4.87
19550188,11,4.7
19550627,121,4.66
19560436,85,4.86
19560540,65,4.88
19560580,5,5.0
19560736,87,4.76
19567740,20,4.53
19568420,20,4.84
19581439,5,4.25
19582507,7,4.0
19584367,25,4.8
19591213,21,4.65
19602370,253,4.98
19625254,49,4.92
19627165,1,5.0
19631195,1,5.0
19632643,2,2.0
19637264,112,4.95
19639418,4,4.75
19639669,32,4.77
19640689,5,4.8
19648150,4,4.75
19649276,68,4.93
19654606,8,4.88
19654916,12,4.64
19659836,37,4.92
19668421,2,5.0
19670273,2,5.0
19678857,1,5.0
19679020,7,4.86
19680463,157,4.91
19698206,8,4.88
19703572,16,4.88
19716967,216,4.81
19718123,11,4.7
19741671,10,4.38
19741787,2,5.0
19745789,11,5.0
19755915,2,5.0
19764632,16,4.87
19765073,4,4.25
19781233,35,4.69
19785511,3,4.67
19799469,137,5.0
19800138,9,4.56
19804463,21,4.6
19804505,4,4.5
19805595,15,4.57
19806436,1,5.0
19815051,3,5.0
19823637,9,4.75
19825461,3,5.0
19828992,90,4.81
19838629,5,4.25
19844490,3,4.67
19850136,181,4.58
19852498,44,4.86
19853605,9,4.75
19854131,25,4.92
19855370,12,4.92
19855450,8,4.0
19859902,136,4.85
19871976,13,4.58
19872641,31,4.94
19874722,62,4.68
19878162,65,4.91
19884321,37,4.89
19885483,1,5.0
19886322,18,5.0
19890334,3,4.67
19904098,13,4.92
19907945,3,5.0
19920902,4,4.75
19921198,4,5.0
19925329,115,4.96
19926056,5,4.8
19926988,51,4.8
19949300,11,4.91
19976682,123,4.91
19983339,6,5.0
19989413,35,4.91
19992556,14,5.0
19996491,78,4.9
19997703,3,5.0
20007931,11,4.45
20009075,4,5.0
20012343,12,4.92
20012726,5,5.0
20020432,2,4.5
20025383,5,4.5
20030680,6,5.0
20031615,9,4.78
20032833,11,5.0
20039198,21,4.79
20041565,280,4.8
20041721,141,4.76
20043731,1,4.0
20044950,49,4.72
20049837,6,5.0
20053313,2,5.0
20062216,1,4.0
20065239,40,4.92
20066712,51,4.86
20068004,58,4.78
20068563,100,4.91
20085535,10,4.63
20085568,6,4.8
20085815,31,4.77
20087733,4,5.0
20089877,2,5.0
20115790,1,5.0
20115843,1,5.0
20115998,3,5.0
20129297,2,5.0
20151955,76,4.86
20159398,4,5.0
20163293,139,4.87
20168149,3,4.0
20173043,283,4.58
20178487,1,5.0
20181228,94,4.44
20182305,212,4.62
20185894,14,4.64
20186458,110,4.69
20190715,5,4.33
20208268,1,5.0
20219521,3,5.0
20229341,2,4.5
20233380,140,4.83
20244663,115,4.93
20260101,28,4.93
20267106,134,4.8
20268160,166,4.82
20273350,10,4.9
20280142,133,4.79
20289355,19,4.38
20306928,53,4.96
20312395,12,4.83
20327406,4,5.0
20328174,192,4.66
20328651,5,5.0
20329631,5,5.0
20345932,52,4.96
20349531,205,4.89
20358722,184,4.73
20366599,57,4.65
20369791,86,4.71
20380055,14,4.31
20392799,61,4.75
20408444,32,4.73
20410677,46,4.8
20415774,11,4.8
20419829,301,4.9
20419863,180,4.96
20429256,1,3.0
20437842,5,4.6
20454620,114,4.83
20469139,37,4.31
20476881,271,4.65
20477041,141,4.89
20488120,8,5.0
20490701,2,5.0
20502087,39,4.82
20554694,67,4.69
20563807,2,5.0
20563838,1,5.0
20564158,2,5.0
20583531,7,4.57
20588264,3,3.0
20589282,105,4.84
20597187,4,5.0
20605858,88,4.75
20611633,131,4.89
20616377,204,4.82
20618886,11,4.8
20620692,24,4.79
20658231,3,5.0
20693049,65,4.98
20693902,14,4.82
20696952,3,5.0
20704646,35,4.94
20708372,117,4.47
20708751,132,4.56
20710093,1,5.0
20720502,13,4.77
20723606,3,4.5
20726436,15,5.0
20751705,129,4.95
20768108,3,5.0
20777765,88,4.89
20779646,51,4.9
20780307,66,4.95
20781213,62,4.9
20781389,7,4.57
20792594,225,4.72
20810235,59,4.69
20816610,97,4.91
20817465,3,4.67
20826323,80,4.93
20826796,128,4.36
20831800,67,4.9
20832705,72,4.75
20832716,178,4.51
20838737,61,4.43
20846334,59,4.95
20884439,55,4.91
20897218,64,4.97
20902138,2,5.0
20922097,116,4.93
20923894,1,5.0
20924263,1,5.0
20952670,28,4.67
20980896,35,4.94
20987387,70,4.87
20988473,27,4.38
20994639,71,4.92
21002648,94,4.47
21007588,36,4.92
21010475,38,4.82
21010516,67,4.84
21013261,61,4.85
21022543,26,4.0
21036908,73,4.79
21038069,134,4.73
21038251,22,4.86
21052558,40,4.55
21053702,35,4.94
21066196,17,4.94
21068589,328,4.61
21075804,2,5.0
21078908,2,5.0
21088564,6,4.8
21088722,3,5.0
21089678,122,4.71
21091172,3,5.0
21109604,22,4.5
21116477,74,4.76
21117709,3,4.5
21123346,4,5.0
21125755,8,4.75
21131798,19,4.05
21133451,1,4.0
21137985,1,3.0
21158405,61,4.92
21167665,1,5.0
21180385,14,5.0
21199571,262,4.29
21203035,1,5.0
21207881,37,4.38
21237615,1,5.0
21238744,5,4.75
21238766,28,4.78
21240229,1,5.0
21246712,7,4.8
21247838,67,4.35
21253737,35,4.83
21260658,139,4.57
21277918,35,4.86
21286235,2,4.5
21286657,12,4.92
21287679,6,5.0
21290247,4,1.0
21292089,8,4.88
21308311,2,5.0
21320422,2,4.5
21332273,6,4.83
21350202,146,4.82
21350607,2,4.5
21350746,52,4.75
21353367,16,4.94
21355255,42,4.86
21377693,34,4.47
21381718,9,4.86
21390212,157,4.79
21423377,5,4.8
21431780,4,5.0
21433279,8,5.0
21435594,176,4.94
21452627,16,5.0
21453158,3,5.0
21474620,19,4.68
21485919,1,5.0
21488800,2,4.5
21490100,7,4.57
21492375,49,4.76
21501153,30,4.68
21516676,24,4.87
21519483,49,4.59
21524639,4,5.0
21531459,152,4.74
21533178,1,5.0
21533697,22,4.82
21537410,13,4.92
21542050,1,5.0
21543355,35,4.86
21547361,5,5.0
21549481,18,4.88
21549675,83,4.6
21549714,1,4.0
21558196,9,5.0
21561463,5,4.4
21563098,71,4.35
21576729,166,4.98
21577082,25,4.87
21580882,22,4.95
21586580,342,4.83
21588973,8,4.86
21592200,2,2.0
21592590,4,5.0
21607112,39,4.31
21607937,89,4.85
21609274,62,4.79
21622538,6,4.2
21628848,16,4.29
21629108,69,4.84
21640440,4,5.0
21642464,28,4.79
21660316,18,4.95
21664900,357,4.72
21676087,18,4.94
21680276,68,4.66
21681061,12,4.2
21708166,201,4.87
21714412,1,5.0
21722118,133,4.83
21723390,2,5.0
21743300,1,3.0
21747284,23,4.83
21779248,3,4.33
21784473,23,4.87
21785330,25,4.44
21796092,54,4.72
21810665,22,4.41
21813175,1,5.0
21815847,24,5.0
21833801,4,3.67
21834385,1,5.0
21834957,23,4.33
21841880,19,4.58
21859227,21,4.95
21863049,94,4.68
21878155,124,4.52
21879189,65,4.69
21879658,37,4.81
21889365,133,4.62
21890269,55,4.63
21890318,8,4.22
21905353,3,5.0
21910564,6,4.33
21921615,72,4.54
21922057,101,4.92
21924613,3,5.0
21947560,20,4.9
21958214,8,4.25
21959823,1,5.0
21962993,47,4.23
21971625,35,4.74
21971910,4,5.0
21972044,176,4.33
21987467,2,5.0
21988402,17,5.0
21995447,88,4.69
22012020,17,4.87
22013997,111,4.58
22015887,93,4.87
22016848,53,4.77
22030035,4,3.33
22031657,18,4.83
22033135,3,5.0
22040524,69,4.61
22058806,12,4.91
22092093,3,5.0
22094685,14,4.69
22123191,2,4.5
22142221,2,5.0
22159651,5,5.0
22172006,1,5.0
22173946,1,4.0
22190395,85,4.96
22196451,4,5.0
22198486,118,4.92
22210079,128,4.83
22217168,123,4.42
22225926,18,4.88
22226928,18,4.42
22226930,11,3.91
22226931,2,4.33
22226932,16,4.69
22227789,12,4.58
22228595,11,4.73
22229225,83,4.99
22235864,6,4.17
22236660,176,4.65
22236841,6,4.83
22238370,11,4.1
22247451,33,4.85
22248418,4,4.6
22264870,4,4.0
22273010,3,5.0
22278663,7,4.86
22280660,48,4.56
22288732,10,4.67
22305858,19,4.84
22319956,3,3.0
22337009,17,4.29
22338601,1,2.0
22349629,14,4.43
22351501,1,5.0
22361713,10,4.9
22364626,61,4.47
22393730,1,5.0
22413310,12,5.0
22433815,7,5.0
22458568,3,5.0
22496407,201,4.97
22502065,36,4.89
22506331,163,4.91
22511860,3,5.0
22523412,217,4.9
22524137,1,5.0
22530960,4,5.0
22532818,106,4.69
22549260,1,5.0
22580804,66,4.98
22591214,36,4.47
22592319,53,4.77
22627220,56,4.96
22628231,5,4.25
22679553,124,4.77
22684957,113,4.99
22696893,2,5.0
22700719,103,4.74
22700952,101,4.68
22702553,165,4.81
22710090,83,4.98
22710548,1,5.0
22715299,4,5.0
22717614,153,4.86
22737854,9,4.75
22743577,19,4.68
22745053,8,4.71
22747597,49,4.9
22750476,263,4.87
22760209,46,4.62
22770664,3,4.33
22770687,111,4.84
22789151,15,5.0
22803943,9,5.0
22823375,4,5.0
22823420,48,4.27
22825343,8,5.0
22830665,3,5.0
22841612,50,4.88
22848234,85,4.84
22848811,78,4.91
22860759,12,4.83
22875712,44,4.89
22882341,20,4.79
22882753,129,4.93
22884862,143,4.64
22885985,1,1.0
22896138,16,4.88
22896851,2,5.0
22897931,2,5.0
22916909,74,4.88
22917015,36,4.86
22920086,10,4.9
22926256,109,4.85
22932628,10,4.9
22949633,4,5.0
22955212,36,4.21
22957398,38,4.86
22967546,67,4.7
22968798,69,4.94
22970984,1,5.0
22975751,2,5.0
22976874,143,4.72
22978506,127,4.72
22980882,3,4.33
22994135,173,4.81
22996256,1,5.0
23000395,60,4.79
23000916,7,4.57
23012468,1,4.0
23017328,16,4.93
23022796,4,5.0
23029896,1,5.0
23042425,130,4.77
23056288,89,4.92
23070253,136,4.93
23072921,1,5.0
23077183,1,5.0
23085003,2,5.0
23088334,47,4.94
23105171,3,5.0
23107964,15,4.93
23116032,54,4.87
23118600,46,4.98
23123065,1,5.0
23124259,1,5.0
23138544,8,4.38
23144672,74,4.66
23154983,66,4.92
23161470,5,4.5
23161737,2,5.0
23165041,55,4.96
23183654,22,4.95
23195750,6,5.0
23200374,17,4.58
23200753,76,4.68
23217559,1,5.0
23218464,226,4.77
23230929,24,4.88
23231072,2,4.0
23231695,88,4.88
23232371,2,4.5
23232658,15,4.86
23233528,82,4.89
23247862,37,4.79
23251243,1,5.0
23252622,18,4.41
23255919,66,4.22
23264996,34,4.65
23265741,4,5.0
23268291,45,4.62
23268554,37,4.81
23271027,4,5.0
23273928,32,4.87
23299655,11,4.9
23301970,213,4.44
23317832,91,4.93
23318889,15,4.71
23330452,128,4.56
23331746,94,4.71
23334075,27,4.54
23340219,98,4.77
23340499,6,4.83
23354047,2,4.5
23356938,31,4.94
23367530,2,5.0
23368730,8,4.0
23368731,4,4.0
23373382,8,4.75
23381305,4,5.0
23384487,23,4.48
23384621,75,4.67
23387173,74,4.88
23387240,5,2.5
23387270,28,5.0
23393139,72,4.65
23394090,20,4.85
23408757,2,5.0
23412915,148,4.4
23431001,148,4.63
23432273,12,4.83
23433153,64,4.58
23444653,6,4.67
23459162,100,4.75
23459501,18,5.0
23459696,45,4.61
23461973,24,4.92
23466447,118,4.68
23466550,1,5.0
23477839,22,4.95
23479073,3,4.33
23480342,7,4.6
23482931,8,5.0
23489839,45,4.89
23492914,96,4.66
23494727,18,4.82
23495152,10,4.8
23517836,142,4.89
23518576,13,5.0
23519245,11,4.91
23521771,83,5.0
23523648,119,4.28
23524281,1,5.0
23526035,44,4.88
23533368,6,4.33
23538363,4,3.75
23540914,3,4.0
23542611,45,4.83
23545705,41,4.71
23546483,38,4.71
23546657,70,4.79
23546910,33,4.79
23557107,1,3.0
23559670,1,4.0
23572600,7,4.67
23576824,2,5.0
23577682,11,4.8
23580880,72,4.58
23591545,25,4.69
23602020,2,4.0
23609812,12,5.0
23610282,183,4.88
23611554,2,4.0
23612145,8,5.0
23618525,131,4.5
23621974,5,4.0
23622516,4,3.5
23629695,14,4.08
23636541,31,4.66
23638678,2,5.0
23652253,41,4.93
23662721,3,5.0
23663619,84,4.99
23664240,161,4.9
23677950,112,4.93
23680114,44,5.0
23681096,95,4.92
23681695,201,4.93
23684876,19,4.95
23691939,57,4.88
23697187,15,4.83
23697397,17,4.73
23701616,25,5.0
23705705,64,4.48
23707311,10,5.0
23710883,37,4.89
23713706,4,4.25
23715576,2,5.0
23720368,2,5.0
23728544,10,4.8
23735559,41,4.93
23740293,134,4.84
23745446,5,4.67
23748865,2,3.5
23750665,47,4.77
23751430,155,4.88
23761033,147,4.68
23761208,135,4.58
23763860,12,5.0
23765425,24,4.61
23775526,2,5.0
23777567,84,4.88
23783475,100,4.82
23785157,8,4.88
23786934,2,5.0
23787530,6,4.67
23788005,4,5.0
23789532,94,4.67
23789711,35,4.91
23799789,143,4.61
23815018,19,4.47
23817973,7,4.86
23841940,3,5.0
23880550,6,5.0
23893836,12,4.33
23904263,8,4.56
23917506,165,4.85
23934999,1,3.0
23937997,23,4.87
23943531,9,4.89
23945577,87,4.78
23954320,1,4.0
23958167,56,4.93
23962835,46,4.83
23963560,3,4.5
23963850,2,4.0
23975897,15,4.8
23995285,37,4.78
23995395,1,5.0
24007844,17,4.76
24016600,5,4.8
24017044,1,5.0
24017606,22,4.86
24031304,122,4.8
24054749,18,4.81
24076459,3,3.67
24082233,23,5.0
24091967,9,5.0
24099891,50,4.73
24112264,3,4.5
24116914,46,4.74
24133686,36,4.86
24145764,33,4.88
24146330,98,4.56
24147407,40,4.92
24150313,1,5.0
24194293,126,4.91
24198021,43,4.55
24203302,3,5.0
24203388,74,4.69
24203920,3,4.33
24205890,8,4.17
24207889,96,4.75
24218697,42,4.46
24223651,1,4.0
24223932,4,5.0
24224956,7,5.0
24227950,3,5.0
24229491,37,4.81
24236216,20,5.0
24249263,81,5.0
24275187,2,5.0
24276820,38,4.89
24293919,120,4.81
24296752,6,4.33
24298524,14,4.93
24306357,137,4.88
24319570,25,4.92
24329146,207,4.68
24333913,6,5.0
24342562,105,4.58
24347637,82,4.64
24372238,13,4.54
24384328,2,4.0
24384470,54,4.79
24384707,38,4.92
24402308,237,4.79
24404174,40,4.98
24409691,14,4.86
24409702,83,4.86
24409825,111,4.99
24416875,30,4.86
24423525,233,4.91
24436173,144,4.89
24438440,8,4.75
24468207,75,4.44
24474346,74,4.58
24494788,3,5.0
24503354,13,4.92
24511805,61,4.95
24512285,16,5.0
24531067,51,4.96
24549708,3,4.0
24551330,19,4.53
24554674,27,4.89
24555689,23,4.78
24568270,48,4.9
24569869,152,4.92
24577964,46,4.91
24579796,1,5.0
24595724,6,4.5
24625249,78,4.79
24628031,87,4.77
24639951,1,4.0
24670678,15,4.41
24684024,27,4.48
24714484,22,5.0
24725111,89,4.6
24727848,6,4.83
24730797,314,4.83
24749174,13,4.92
24749448,59,4.64
24750573,15,4.93
24751014,338,4.85
24753388,248,4.82
24753564,4,5.0
24754616,1,5.0
24755111,46,4.87
24755498,169,4.92
24755737,3,5.0
24765078,30,4.9
24771415,181,4.95
24786569,2,4.0
24787457,14,4.79
24788851,19,4.74
24791825,27,4.7
24793539,31,4.68
24793841,81,4.4
24797844,12,4.5
24800209,29,4.69
24818015,31,4.9
24820531,7,4.43
24821148,3,5.0
24821802,5,4.8
24822310,24,4.75
24838592,28,4.64
24841911,9,4.5
24842784,90,4.47
24845076,91,4.57
24852048,23,4.7
24859485,4,5.0
24879780,115,4.89
24882132,21,4.8
24882592,11,4.73
24889576,33,4.72
24893028,3,5.0
24910848,104,4.47
24912881,4,4.75
24918422,3,4.0
24928932,28,4.86
24930256,2,4.5
24930678,194,4.53
24935310,20,4.89
24941777,97,4.75
24944603,108,4.82
24949469,174,4.94
24950512,7,4.86
24955231,5,4.8
24955932,61,4.77
24966315,15,4.93
24973751,42,4.9
24981856,4,5.0
24987704,15,5.0
25001963,56,4.89
25004192,50,4.8
25013800,26,4.78
25021008,62,4.59
25028973,12,4.73
25051930,73,4.83
25052713,173,4.77
25068002,9,5.0
25078331,6,5.0
25088472,1,5.0
25093325,236,4.49
25099541,8,4.57
25106607,5,4.2
25133168,21,5.0
25148747,18,4.39
25154217,2,3.0
25155955,15,4.33
25186401,11,4.1
25198717,79,4.64
25209234,2,5.0
25226544,107,4.88
25230968,7,4.83
25233384,13,4.69
25241682,21,4.24
25247667,47,4.79
25258320,12,5.0
25261998,56,4.82
25271320,36,4.83
25274159,76,4.76
25288603,21,4.86
25290044,5,4.75
25334110,5,4.75
25347555,162,4.93
25350339,194,4.9
25360138,3,5.0
25364736,15,5.0
25379081,133,4.81
25388553,3,4.0
25392816,69,4.73
25400115,17,4.82
25408614,7,4.43
25408932,13,4.75
25409717,18,4.26
25410786,19,4.95
25411124,2,4.5
25411183,7,4.71
25411267,13,4.92
25418112,3,4.67
25421351,31,5.0
25423793,29,4.79
25442843,45,4.91
25443811,15,5.0
25453375,28,4.97
25473635,73,4.91
25484086,3,4.67
25486061,96,4.98
25494259,3,4.67
25499538,46,4.8
25513603,21,4.86
25515482,63,4.17
25530645,89,4.74
25531661,26,4.31
25535284,3,4.5
25536130,52,4.42
25537879,30,4.33
25538601,2,3.5
25539436,114,4.66
25544469,2,5.0
25544973,1,5.0
25558915,74,4.93
25569842,47,4.26
25581038,140,4.64
25608093,218,4.85
25609197,99,4.84
25644991,26,4.96
25671173,2,4.0
25672441,6,4.2
25672488,7,4.71
25680978,15,4.93
25702099,5,5.0
25708527,26,4.38
25724984,8,4.75
25736639,14,4.43
25762160,16,4.81
25772035,2,5.0
25775630,43,4.86
25779922,1,5.0
25796280,38,4.89
25832097,6,4.33
25833171,2,5.0
25857881,18,4.78
25860196,54,4.94
25860792,23,5.0
25881470,27,5.0
25883802,19,4.67
25888111,2,5.0
25889914,57,4.36
25891332,19,4.58
25910448,19,4.95
25911971,5,5.0
25915690,340,4.82
25922637,1,5.0
25928596,42,4.58
25929687,27,4.0
25936392,135,4.74
25939239,102,4.4
25941705,27,4.88
25961096,5,5.0
25963334,1,4.0
25966187,3,4.33
25976259,3,4.67
25978291,2,5.0
25986610,4,4.33
25994089,17,4.65
25994594,28,4.7
25996035,6,4.67
25998831,1,5.0
26000444,333,4.82
26028117,50,4.56
26030822,40,4.93
26044181,150,4.79
26048532,28,4.46
26053492,18,4.83
26063509,6,5.0
26073219,33,4.28
26095265,37,4.35
26100474,12,4.89
26104145,2,4.5
26116457,192,4.53
26118026,7,5.0
26120228,24,4.48
26122372,7,4.33
26127067,46,4.83
26128805,151,4.81
26129331,1,5.0
26130497,147,4.82
26131036,163,4.82
26131644,8,5.0
26132100,12,4.91
26145923,57,4.86
26157649,397,4.83
26181828,22,4.59
26195318,9,4.78
26198266,54,4.57
26200116,52,4.77
26209225,16,4.63
26226493,1,5.0
26249336,6,5.0
26257560,13,5.0
26266870,174,4.86
26269369,6,5.0
26277038,220,4.4
26294466,3,5.0
26313842,141,4.82
26344835,6,4.83
26352214,5,5.0
26375552,13,4.67
26376070,2,4.5
26388412,350,4.89
26407229,11,5.0
26412305,36,4.94
26419577,5,4.8
26423837,11,5.0
26430515,3,5.0
26439765,6,4.33
26445302,101,4.79
26446770,12,4.55
26458827,4,5.0
26479684,5,4.8
26481651,11,4.82
26485244,5,4.0
26494360,36,4.83
26495991,22,4.9
26499167,26,4.72
26499634,64,5.0
26500124,13,4.92
26513955,5,4.75
26514039,5,4.8
26514178,5,5.0
26525079,4,5.0
26526384,6,4.17
26529911,194,4.54
26543362,5,4.4
26550955,14,4.71
26554320,71,4.65
26568615,11,4.64
26582493,67,4.32
26590032,156,4.41
26616726,28,4.79
26632409,11,4.45
26632500,80,4.95
26632960,188,4.47
26633422,190,4.55
26633637,190,4.62
26633644,1,5.0
26634024,166,4.6
26636573,115,4.75
26638623,66,4.77
26649461,11,4.73
26650366,9,4.56
26650699,12,4.25
26653154,10,4.9
26655077,11,4.6
26656721,60,4.85
26660935,19,4.85
26661726,163,4.55
26662886,3,4.33
26681254,5,4.4
26684520,18,4.83
26701554,9,4.78
26701694,19,4.68
26702226,11,4.2
26707460,11,4.6
26726684,21,4.45
26733593,81,4.98
26736840,10,5.0
26744402,43,4.86
26744966,11,4.8
26745549,3,3.67
26746946,6,5.0
26747369,36,4.67
26747498,4,4.5
26748006,176,4.27
26758792,1,5.0
26761384,6,5.0
26761594,63,4.71
26763213,6,4.8
26766318,75,4.96
26766696,18,4.72
26773519,50,4.94
26777997,55,4.88
26779483,34,4.94
26797440,4,5.0
26798754,78,4.64
26807695,5,4.67
26831016,10,4.5
26831935,23,4.67
26862098,31,4.9
26862423,54,4.69
26864729,7,5.0
26870258,1,4.0
26872665,32,4.91
26873201,1,5.0
26881198,1,5.0
26882828,9,4.9
26919693,1,5.0
26922376,1,3.0
26923503,10,4.5
26936197,133,4.79
26938176,14,5.0
26971797,37,4.89
26972865,2,4.5
26978731,31,4.84
26979624,8,4.86
26982545,15,4.67
26987897,33,4.97
26988674,5,5.0
27016613,11,4.09
27020405,136,4.93
27022023,26,4.88
27022249,3,5.0
27023317,22,4.95
27049475,68,4.62
27052436,296,4.74
27053992,19,4.79
27055788,43,4.58
27057791,18,4.53
27059337,13,4.93
27074481,3,4.67
27080279,1,5.0
27080487,8,4.0
27099983,4,5.0
27102063,70,4.6
27105451,5,4.8
27110638,1,5.0
27110789,8,4.75
27123432,9,4.56
27123796,268,4.78
27135294,5,4.8
27159482,3,5.0
27160796,11,4.82
27162955,1,5.0
27165074,7,4.86
27167045,1,5.0
27180433,26,4.62
27192227,163,4.4
27201077,2,4.5
27212941,104,4.58
27213510,3,4.0
27214717,4,4.75
27216209,78,4.43
27216379,66,4.55
27216719,59,4.56
27217054,67,4.63
27218125,71,4.39
27250770,7,4.57
27252536,2,5.0
27258983,17,4.44
27273680,1,5.0
27275530,40,4.5
27281216,9,4.33
27281604,23,4.91
27304177,104,4.93
27308148,60,4.52
27332008,30,4.93
27332558,6,5.0
27347596,148,4.28
27351547,8,3.38
27352359,10,4.38
27354320,53,4.77
27356486,24,4.65
27358001,71,4.82
27365420,95,4.9
27392555,5,4.8
27398026,17,4.56
27398723,2,5.0
27412797,126,4.97
27415878,16,4.47
27419661,32,4.77
27423074,24,4.92
27426734,61,4.69
27445238,1,5.0
27454327,46,4.76
27459353,85,4.87
27477522,2,4.5
27502007,67,4.88
27507088,12,4.17
27508692,4,4.75
27537133,4,4.75
27539445,53,4.4
27540881,3,5.0
27546560,20,4.9
27546939,54,4.67
27549985,55,4.78
27561693,20,5.0
27578035,6,4.67
27591856,8,5.0
27593855,3,5.0
27602541,5,4.8
27624736,25,4.52
27628314,12,4.9
27628956,20,4.9
27629266,6,4.5
27633422,39,4.87
27657333,37,4.94
27674953,2,5.0
27680053,310,4.97
27685400,3,5.0
27688082,36,4.68
27714555,38,4.79
27715438,3,4.0
27719975,9,4.88
27722493,84,4.8
27725956,32,4.61
27731794,1,5.0
27750603,89,4.87
27767971,1,5.0
27772094,21,4.6
27772237,12,4.42
27773725,1,5.0
27775478,13,4.54
27777136,80,4.63
27777321,45,4.87
27779680,70,4.64
27780677,108,4.83
27803092,94,4.8
27804202,375,4.82
27819303,18,4.5
27819311,1,4.0
27819369,19,4.47
27821440,52,4.94
27825511,40,4.88
27831957,2,5.0
27843003,17,5.0
27845062,25,4.88
27846661,35,4.94
27846985,30,4.97
27850536,1,4.0
27861518,33,4.5
27862841,9,4.38
27869552,74,4.92
27886261,11,5.0
27891180,11,4.91
27895934,32,4.97
27899704,20,4.85
27901264,3,3.67
27901913,31,4.32
27905722,4,5.0
27914167,6,5.0
27914814,70,4.92
27916749,9,4.33
27922226,97,4.78
27925209,8,5.0
27927643,5,4.8
27930435,3,4.0
27947584,6,4.83
27948213,17,5.0
27955964,275,4.36
27957035,35,4.6
27959167,38,5.0
27959184,309,4.47
27975133,28,4.54
27976414,2,4.5
27984155,1,4.0
27994572,11,4.64
27996150,31,4.52
27998691,19,4.89
28001434,15,4.93
28011209,3,5.0
28012714,7,4.57
28021034,25,4.96
28024740,19,4.74
28029083,309,4.41
28049146,1,5.0
28049280,114,4.97
28071726,59,4.22
28078388,14,4.67
28079984,31,4.87
28097113,1,5.0
28099891,10,5.0
28101030,238,4.87
28132001,26,4.73
28132171,3,4.67
28133339,120,4.87
28154812,75,4.73
28177421,24,4.38
28196332,2,5.0
28201225,2,5.0
28203665,37,4.89
28203893,67,4.48
28209742,8,4.25
28212246,4,5.0
28214540,2,5.0
28220621,12,5.0
28238595,9,4.5
28240824,60,4.55
28241676,16,4.94
28246159,3,5.0
28250086,49,4.94
28271790,44,4.65
28272004,25,4.8
28272505,8,4.88
28276263,8,5.0
28276509,68,4.57
28291686,7,5.0
28297094,92,4.94
28300651,119,4.87
28310448,1,5.0
28328504,369,4.69
28328713,9,4.78
28352164,2,5.0
28357164,22,4.5
28358840,80,4.63
28359551,21,4.71
28397322,20,4.2
28435142,11,4.82
28438168,33,4.68
28461543,27,4.88
28462630,21,4.81
28479813,67,4.36
28514364,25,4.8
28516396,16,4.81
28542092,19,4.95
28561054,3,5.0
28564225,28,4.89
28607417,1,5.0
28607589,85,4.73
28626715,9,4.78
28636889,5,5.0
28655484,2,5.0
28665336,9,4.89
28682217,17,4.0
28706387,19,4.61
28731647,3,5.0
28734207,109,4.56
28747596,7,5.0
28781212,20,4.65
28781223,76,4.71
28781586,24,4.92
28782709,48,4.75
28804213,288,4.9
28808857,2,5.0
28835778,18,4.89
28835995,3,4.33
28853653,67,4.4
28908161,5,4.2
28922729,43,4.98
28931650,91,4.92
28943607,3,4.33
28948225,32,4.63
28948700,2,5.0
28957610,80,4.68
28974771,18,4.94
28982019,2,5.0
29002429,21,3.43
29007950,124,4.8
29048061,34,4.88
29054927,9,4.38
29071067,18,5.0
29073101,1,5.0
29075460,4,5.0
29076095,5,4.8
29099874,1,4.0
29100557,96,4.93
29127626,85,4.7
29129190,37,4.89
29142877,3,5.0
29147405,60,4.88
29157870,1,5.0
29172687,12,4.92
29185432,130,4.87
29189361,1,5.0
29201835,10,4.7
29203294,10,4.8
29209445,21,4.74
29249651,2,5.0
29270684,2,4.0
29272081,27,4.33
29281605,1,4.0
29307404,28,4.79
29307418,4,4.25
29325721,1,5.0
29358410,2,5.0
29376561,97,4.82
29377413,37,4.59
29377467,76,4.32
29377634,26,4.59
29377730,111,4.72
29379307,2,4.5
29388810,13,4.83
29407713,19,4.53
29409721,46,4.61
29413988,36,4.64
29445643,2,4.5
29455313,23,4.7
29462007,6,4.2
29477443,71,4.75
29502210,37,4.19
29503660,50,4.12
29505216,2,4.5
29509018,3,5.0
29510237,50,4.88
29526169,2,5.0
29528468,19,4.89
29529403,36,4.69
29529789,38,4.53
29544972,37,4.84
29596197,1,5.0
29602477,65,4.2
29638861,47,4.85
29642751,1,5.0
29656751,35,4.8
29674501,5,4.8
29675553,10,4.8
29696318,6,4.17
29731212,20,4.35
29734986,3,5.0
29735483,69,4.74
29750282,66,4.5
29756555,3,5.0
29760876,4,5.0
29772627,8,4.5
29776918,2,3.0
29777820,2,5.0
29825519,37,4.89
29830184,62,4.76
29840217,7,4.83
29844823,10,5.0
29872742,72,4.68
29873220,5,4.6
29878637,2,5.0
29892871,5,5.0
29906197,94,4.71
29929391,56,4.75
29952413,8,4.56
29956493,48,4.58
29960237,3,5.0
29961589,12,5.0
29973392,3,5.0
29983220,7,4.86
30008534,3,4.33
30014817,2,5.0
30027785,3,5.0
30050192,5,5.0
30078895,12,4.73
30088681,8,5.0
30089879,5,4.6
30090420,3,4.33
30098860,4,3.75
30107613,3,4.0
30118128,1,5.0
30128633,1,5.0
30152578,10,5.0
30168322,31,4.13
30170582,154,4.88
30175375,2,5.0
30179796,30,4.6
30193991,1,4.0
30205560,6,3.5
30222170,2,2.0
30231039,3,5.0
30284346,2,5.0
30290858,64,4.89
30307202,16,4.44
30314099,2,5.0
30316922,47,4.81
30366157,4,4.75
30369780,16,4.69
30389596,9,4.22
30401653,52,4.85
30412756,42,4.36
30415915,22,4.9
30441505,3,5.0
30456517,15,4.2
30456856,33,4.27
30459238,6,4.67
30459757,53,4.62
30460618,61,4.61
30460773,42,5.0
30460917,47,4.54
30460997,21,4.71
30461330,22,4.63
30461814,49,4.65
30461888,150,4.52
30462190,196,4.5
30462260,457,4.52
30464241,13,4.09
30466684,62,4.25
30501224,3,4.0
30504069,6,4.33
30520915,3,5.0
30525407,1,4.0
30529835,3,4.33
30545547,1,4.0
30546191,1,4.0
30551377,63,4.83
30554667,21,4.76
30556729,1,5.0
30557062,2,5.0
30577129,25,4.58
30589878,2,4.5
30682426,11,4.64
30683793,1,4.0
30702838,93,4.68
30702938,63,4.48
30703041,102,4.43
30703177,71,4.48
30703260,70,4.52
30722671,50,4.9
30727745,3,4.67
30730666,11,5.0
30737269,332,4.83
30737432,1,5.0
30756650,1,1.0
30758178,15,4.8
30762290,9,4.56
30771281,20,4.47
30794253,9,5.0
30805136,37,4.76
30806839,12,5.0
30807557,9,4.89
30811461,48,4.06
30814414,13,4.46
30821767,74,4.85
30833141,1,5.0
30851782,39,4.5
30881141,16,4.81
30883157,88,4.6
30924349,4,4.33
30946316,17,4.71
30946373,7,5.0
30948708,12,4.73
30959088,6,4.83
30962621,7,4.86
30982222,7,5.0
31031932,77,4.62
31060508,9,4.78
31072579,136,4.88
31092227,35,4.97
31109845,3,5.0
31112464,26,4.92
31187887,2,4.0
31247362,24,4.79
31351744,18,4.22
31353666,33,4.74
31377279,32,4.88
31401445,1,4.0
31401915,143,4.54
31403919,169,4.89
31404382,2,5.0
31441320,2,4.0
31442306,32,4.41
31443241,14,4.77
31458481,97,4.73
31478285,7,5.0
31481523,4,5.0
31486455,5,5.0
31490247,70,4.97
31501337,1,5.0
31522365,41,4.93
31526953,2,5.0
31553297,21,4.79
31580442,12,4.83
31581573,56,4.71
31591135,33,4.64
31604697,10,4.56
31609501,97,4.96
31632885,27,4.22
31651233,22,4.77
31661855,164,4.91
31671946,31,4.45
31679033,19,4.44
31715644,8,4.86
31802297,36,4.97
31817062,51,4.06
31870600,72,4.9
31871452,77,4.72
31893665,55,4.8
31894005,46,4.87
31927540,1,5.0
31937238,36,4.78
31986592,63,4.66
31987645,6,4.67
31988598,2,3.5
32005643,39,4.6
32009094,10,4.2
32011399,73,4.7
32013644,18,4.78
32035337,2,3.5
32045696,7,5.0
32104217,4,5.0
32107713,132,4.89
32120160,7,4.57
32120384,7,4.29
32120667,12,4.75
32120940,5,4.6
32121138,7,4.71
32164142,75,4.84
32164211,18,4.44
32164744,71,4.8
32177750,25,4.83
32182888,3,5.0
32213341,13,4.0
32231093,2,5.0
32257938,23,5.0
32278580,4,5.0
32281193,12,4.83
32285775,18,4.89
32287368,15,4.4
32307775,36,4.56
32312147,6,4.83
32354518,2,5.0
32359424,22,4.86
32360069,20,5.0
32360203,3,4.67
32420553,75,4.85
32420757,2,3.0
32421225,1,5.0
32423184,35,4.97
32462470,48,4.5
32489761,3,5.0
32498446,35,4.6
32499291,142,4.7
32513857,48,4.63
32515533,27,4.93
32517484,51,4.96
32526206,71,4.94
32533650,9,5.0
32538169,12,4.33
32538273,24,5.0
32542146,19,4.67
32549009,6,4.67
32549236,4,4.75
32602330,8,4.88
32604722,4,5.0
32609852,5,5.0
32610519,2,5.0
32627008,15,4.86
32637964,1,5.0
32638148,1,5.0
32657191,2,5.0
32662614,33,4.58
32667012,45,4.76
32677910,73,4.96
32686636,23,4.5
32686821,26,4.73
32689673,11,4.4
32690117,29,4.38
32690145,74,4.42
32690681,32,4.59
32690873,26,4.15
32691234,31,4.39
32693764,21,4.95
32706679,39,4.64
32707753,37,4.54
32708916,23,4.91
32713058,12,4.83
32716705,24,4.46
32745954,2,5.0
32755458,7,4.86
32778290,11,5.0
32779247,22,5.0
32782397,69,4.93
32782686,13,5.0
32784622,31,4.94
32785506,2,5.0
32788024,11,4.82
32803356,54,4.94
32810501,25,4.72
32812736,50,4.22
32812991,2,5.0
32832933,3,5.0
32838554,10,4.56
32839694,30,4.8
32840013,2,5.0
32842487,81,4.96
32853599,16,4.73
32855323,30,4.8
32856047,73,4.7
32859054,278,4.81
32862538,1,5.0
32863843,36,4.54
32866281,1,5.0
32869255,21,4.95
32869476,6,4.5
32888973,4,4.75
32897484,20,4.7
32914568,14,4.79
32916365,66,4.82
32918518,5,5.0
32931668,1,5.0
32937669,34,4.48
32938629,74,4.73
32939527,3,4.67
32952838,13,4.43
32958240,41,4.85
32974228,26,4.96
32984428,181,4.92
32990233,9,4.78
33009132,3,3.67
33011545,1,5.0
33017179,3,5.0
33039765,22,4.77
33067095,7,4.71
33108730,15,5.0
33111254,4,3.33
33136936,1,5.0
33162291,126,4.89
33188454,26,4.88
33221761,2,4.5
33263374,51,4.65
33268929,35,4.6
33284594,40,4.95
33306740,16,4.63
33312814,2,5.0
33340108,45,4.69
33368046,8,5.0
33371874,124,4.76
33385705,7,4.67
33385761,34,4.91
33388680,21,4.9
33415092,9,4.78
33416276,21,4.41
33426787,48,4.4
33441207,30,4.73
33465940,27,4.77
33469844,14,4.77
33482033,4,4.5
33494577,2,4.0
33512093,18,4.89
33525905,28,4.89
33541189,32,4.44
33572784,30,4.37
33609032,1,4.0
33611917,1,5.0
33637890,5,5.0
33648748,33,4.27
33649140,25,4.12
33676294,1,5.0
33679313,43,4.09
33681132,24,4.24
33681271,6,4.0
33701696,3,3.0
33704454,14,4.75
33710320,37,4.16
33730253,41,4.95
33730762,37,4.71
33737083,10,4.4
33741110,12,4.75
33744753,27,4.52
33746794,1,5.0
33760253,1,5.0
33765844,27,4.7
33828558,1,5.0
33829098,9,4.75
33835027,28,4.89
33835587,81,4.52
33855567,3,5.0
33865371,8,4.5
33873920,137,4.74
33879424,1,4.0
33895983,3,5.0
33932757,56,4.96
33937931,3,3.0
33938298,27,4.74
33938520,1,2.0
33965145,15,4.8
33970271,5,4.6
33994063,64,4.8
33995944,28,4.96
34010135,21,4.9
34014153,102,4.85
34016010,3,4.67
34032210,4,5.0
34062848,10,5.0
34070727,4,5.0
34100262,15,5.0
34108410,7,4.43
34121652,131,4.87
34122165,18,4.58
34141658,36,4.51
34145158,4,5.0
34177798,20,4.89
34222058,2,5.0
34223989,26,4.84
34240276,9,3.78
34242312,38,4.76
34250762,7,4.71
34251119,31,4.29
34270406,37,4.46
34277908,1,5.0
34304662,32,5.0
34312080,46,4.87
34312752,21,3.86
34313323,6,3.17
34338295,7,4.67
34351989,17,4.29
34367082,5,5.0
34368046,23,4.91
34368739,5,5.0
34387298,18,3.78
34405294,11,4.55
34413689,36,4.5
34433355,6,5.0
34435070,8,5.0
34441692,10,5.0
34461597,10,5.0
34501297,50,4.75
34517691,4,5.0
34527049,42,4.88
34539036,1,5.0
34539122,9,3.78
34552877,25,4.2
34562403,79,4.88
34564901,3,4.5
34573082,1,4.0
34593663,3,2.5
34598110,27,4.63
34599598,128,4.71
34602809,13,4.69
34603177,4,5.0
34615748,15,4.93
34640460,22,4.77
34641213,29,4.76
34672971,465,4.6
34680667,28,4.43
34687372,94,4.98
34691862,55,4.56
34692075,22,4.41
34699297,99,4.61
34699872,15,4.93
34705888,16,4.18
34733733,9,4.78
34736280,117,4.65
34741919,47,4.78
34749708,55,4.95
34768412,7,5.0
34779611,6,4.83
34785846,133,4.87
34797287,157,4.84
34799980,28,4.89
34800427,9,4.67
34802119,25,4.92
34803323,9,4.89
34803941,8,4.75
34812856,6,4.33
34835048,6,3.83
34835160,42,4.4
34836065,3,5.0
34838791,232,4.91
34851952,2,5.0
34853246,7,4.86
34856855,15,4.93
34858470,1,5.0
34861194,14,4.88
34864248,3,4.33
34879281,3,4.33
34886933,2,4.0
34889972,3,5.0
34891141,7,4.0
34894834,28,4.61
34897418,1,5.0
34931021,38,4.87
34931054,82,4.83
34931097,2,4.5
34931128,2,5.0
34931178,80,4.89
34931800,2,5.0
34931838,2,5.0
34931848,140,4.92
34943496,38,4.74
34975137,72,4.99
34991332,199,4.79
34993391,19,4.6
35005088,19,4.67
35005349,15,4.69
35053054,5,4.8
35053161,36,4.86
35085606,5,3.8
35085611,6,3.67
35088286,23,4.7
35090499,2,4.5
35091868,2,4.5
35109264,6,5.0
35123611,4,5.0
35137210,25,4.92
35141834,67,4.5
35145549,2,5.0
35150735,8,4.57
35152001,24,4.61
35160597,30,4.87
35206674,4,5.0
35210012,3,5.0
35214199,6,4.83
35229089,27,4.52
35231214,5,5.0
35243415,4,5.0
35247934,3,5.0
35274738,88,4.86
35289196,2,5.0
35320369,11,5.0
35340639,41,4.56
35340788,4,5.0
35346979,5,5.0
35355059,7,4.57
35366258,9,4.88
35372523,64,4.89
35377358,1,5.0
35401519,38,4.97
35406191,3,5.0
35408107,1,5.0
35448648,29,4.93
35461596,4,5.0
35462882,9,4.56
35489321,9,4.86
35492738,40,4.49
35506380,2,5.0
35511291,4,5.0
35512947,14,4.86
35535668,6,4.67
35545729,41,4.93
35559705,118,4.88
35560132,10,5.0
35562722,1,5.0
35563076,3,5.0
35563644,38,4.58
35569423,52,4.91
35576859,9,4.88
35577845,53,4.65
35608363,34,4.82
35634746,2,3.0
35640983,8,4.5
35648044,15,4.93
35673359,51,4.31
35673532,83,4.52
35673628,34,4.2
35673876,51,4.29
35679514,12,4.67
35699949,2,4.5
35709159,15,4.73
35712527,1,5.0
35713748,7,4.86
35715056,21,4.95
35715690,7,4.83
35725592,11,4.91
35726540,38,4.66
35731940,8,5.0
35741233,25,4.88
35762958,14,4.93
35766393,2,5.0
35766535,19,4.95
35767091,4,4.25
35799006,6,4.83
35803194,2,5.0
35819988,3,4.33
35828896,10,5.0
35837656,1,5.0
35856841,21,4.9
35865074,1,5.0
35868978,1,5.0
35868984,37,4.7
35870816,68,4.65
35877219,17,4.0
35878039,9,4.67
35878124,7,4.57
35900329,40,4.73
35903197,26,4.38
35909945,39,4.31
35910130,13,4.54
35910281,5,4.4
35943161,69,4.84
35954646,5,4.8
35967281,73,4.59
35986074,179,4.97
35986747,6,4.8
35987461,20,4.5
35988107,29,4.82
35992124,45,4.76
35993433,16,4.73
35993494,8,4.86
35997173,1,5.0
36020675,57,4.63
36020745,38,4.77
36026721,52,4.67
36028449,4,4.25
36033653,6,4.17
36034711,5,4.6
36058080,9,4.78
36058680,43,4.69
36084820,3,4.67
36100357,217,4.93
36111607,3,5.0
36126707,17,4.53
36132141,9,4.13
36145170,28,4.68
36218733,2,5.0
36226634,25,4.8
36235875,13,5.0
36236698,49,4.71
36252246,5,4.8
36253416,26,4.68
36255222,25,5.0
36266110,8,4.75
36273513,40,4.28
36275450,1,5.0
36283070,23,4.7
36283400,29,4.76
36283456,7,5.0
36283513,4,4.75
36296920,29,4.83
36309900,1,4.0
36330155,1,4.0
36337560,10,4.9
36342163,5,5.0
36343440,43,4.48
36345382,3,4.67
36351345,5,5.0
36352557,9,5.0
36374914,25,4.56
36378585,15,4.43
36379001,34,4.76
36384147,1,3.0
36389876,11,4.3
36410701,155,4.98
36414306,5,5.0
36421220,50,4.66
36441946,1,3.0
36462511,12,5.0
36465309,180,4.76
36466515,6,4.33
36469306,34,4.91
36476892,10,4.73
36496667,74,4.97
36506174,20,4.4
36509878,2,4.0
36534202,45,4.91
36557715,16,4.81
36558882,3,5.0
36562508,43,4.36
36562570,114,4.44
36572462,29,4.86
36580602,15,4.87
36586845,72,4.58
36587590,30,4.71
36589636,85,4.56
36590112,24,4.38
36601270,3,4.67
36630917,67,4.93
36647879,34,4.76
36649175,29,4.86
36650309,33,4.91
36655900,1,3.0
36661055,37,4.46
36686468,63,5.0
36718669,12,5.0
36725320,5,5.0
36725745,1,4.0
36731209,1,5.0
36759899,13,5.0
36801179,1,3.0
36830115,5,4.75
36833204,15,4.8
36833248,5,5.0
36838805,4,5.0
36844514,2,5.0
36862134,3,5.0
36863389,1,5.0
36875838,7,5.0
36901427,76,4.51
36901457,6,4.17
36934308,44,4.93
36939105,16,4.5
36959080,115,4.67
36960357,31,4.74
36977242,39,4.82
36994569,1,5.0
37010434,8,4.88
37028840,5,4.75
37029805,129,4.64
37034621,6,4.83
37081710,22,4.32
37092704,12,4.64
37107622,107,4.95
37111467,22,4.55
37160190,20,4.45
37174188,2,5.0
37192109,5,5.0
37199428,7,4.5
37207238,12,5.0
37211363,7,4.29
37226483,2,5.0
37236120,42,4.9
37242673,9,4.56
37248338,7,4.86
37253728,4,3.5
37273181,6,3.67
37282119,10,4.22
37288548,81,4.78
37306419,25,4.88
37310316,4,4.75
37318865,6,4.33
37376225,2,4.5
37377666,9,4.11
37394907,8,4.63
37421258,44,4.98
37422266,10,5.0
37444687,18,5.0
37474447,11,5.0
37487591,94,4.98
37490747,16,5.0
37495236,5,4.2
37523477,6,5.0
37523572,9,4.22
37527985,1,3.0
37547727,2,5.0
37551762,1,5.0
37557193,68,4.97
37583585,5,3.8
37586169,39,4.29
37622448,10,3.38
37650683,8,4.75
37651902,29,4.69
37657468,3,4.67
37658435,7,4.86
37672918,2,5.0
37675901,7,4.5
37685618,8,4.88
37685678,6,4.5
37701994,8,3.75
37703653,3,4.33
37716525,21,4.9
37732561,3,4.33
37736016,2,5.0
37736165,16,4.88
37737048,17,5.0
37766048,26,4.54
37771431,4,5.0
37780942,1,5.0
37794300,10,4.0
37794773,74,4.76
37807515,21,4.81
37810719,1,5.0
37811383,2,5.0
37826083,15,4.67
37828902,30,4.79
37846423,2,5.0
37874237,2,5.0
37894104,2,1.0
37962744,4,5.0
37968060,7,5.0
37970593,37,4.86
37984315,32,4.78
38022106,33,5.0
38033524,3,5.0
38034541,108,4.86
38036678,91,4.84
38042062,5,4.0
38061443,16,5.0
38095951,24,4.54
38100726,24,4.67
38112673,49,4.68
38124234,12,4.82
38130718,15,4.87
38131220,30,4.97
38145058,45,4.82
38148283,1,5.0
38180494,11,4.2
38210851,40,4.93
38225761,14,4.79
38231106,25,4.72
38249885,7,5.0
38254392,29,4.79
38259069,22,4.95
38263048,4,5.0
38271868,21,4.9
38286821,101,4.71
38311860,15,4.67
38322404,22,4.55
38324113,18,4.89
38326009,6,5.0
38341798,4,5.0
38341978,16,4.94
38343712,17,4.94
38364439,14,4.64
38376958,2,5.0
38376990,3,4.33
38377028,1,5.0
38377069,8,4.75
38378119,10,4.7
38378194,1,4.0
38378226,4,4.75
38379053,1,4.0
38379097,2,4.5
38398420,3,5.0
38403821,10,4.9
38406934,37,4.47
38446778,6,5.0
38446976,3,5.0
38456538,9,4.89
38456556,4,5.0
38502708,11,4.73
38511385,12,4.83
38545622,1,5.0
38549095,16,4.63
38549639,74,4.51
38549645,87,4.58
38569093,3,5.0
38591969,69,4.61
38592004,46,4.76
38594322,1,5.0
38594350,79,4.65
38645199,10,4.9
38661447,7,4.86
38665136,4,5.0
38673785,3,2.5
38719671,8,4.75
38749265,78,4.55
38833329,5,5.0
38840325,6,5.0
38844291,1,5.0
38894976,9,4.67
38902496,3,5.0
38928069,9,5.0
38928828,85,4.93
38930872,12,5.0
38969224,4,4.75
38969905,140,4.44
38975150,15,4.87
38975781,14,5.0
39044764,15,4.75
39053392,5,3.6
39056501,1,5.0
39081156,17,4.69
39102293,3,5.0
39121717,5,4.4
39128032,6,4.5
39133384,5,5.0
39135076,14,4.93
39135254,9,5.0
39144791,38,4.82
39174796,14,5.0
39196763,29,4.93
39197942,10,5.0
39198618,1,5.0
39199429,8,5.0
39200408,6,5.0
39201483,5,4.6
39202188,132,4.78
39226532,6,3.83
39243743,1,4.0
39291856,11,5.0
39314907,10,5.0
39320042,2,5.0
39339542,1,5.0
39364267,2,5.0
39406098,7,5.0
39417372,1,5.0
39427560,6,4.67
39441556,8,4.63
39444575,37,4.92
39483660,1,5.0
39485083,9,4.67
39514434,34,4.71
39527873,82,4.93
39541753,21,4.76
39553940,1,3.0
39556516,27,4.63
39585886,4,4.0
39602193,23,4.96
39606602,2,5.0
39619533,20,4.35
39663979,6,5.0
39695236,16,4.75
39721061,14,5.0
39744712,16,4.82
39745766,21,4.95
39750846,6,5.0
39770157,9,4.4
39777561,3,3.5
39788249,1,5.0
39795425,15,3.25
39795835,20,4.3
39814391,17,4.82
39815830,1,5.0
39820233,26,4.56
39834808,2,4.0
39835646,46,4.93
39840572,10,4.78
39868299,10,4.7
39888150,2,5.0
39889847,77,4.71
39914831,19,4.28
39914946,24,4.63
39977570,48,5.0
39982451,10,4.6
39988290,8,4.5
39989926,3,4.67
39996993,18,4.89
40003891,4,4.75
40018460,3,5.0
40018779,1,5.0
40025152,10,4.8
40026440,2,5.0
40036290,5,5.0
40050072,2,5.0
40060687,12,5.0
40088752,5,4.0
40089331,6,4.0
40091326,1,5.0
40103275,54,4.95
40107477,6,4.83
40115872,8,5.0
40138082,4,5.0
40150546,1,5.0
40165176,4,5.0
40167231,14,4.86
40205851,15,5.0
40206084,18,4.78
40231347,2,5.0
40246277,74,4.89
40247761,1,5.0
40248083,4,5.0
40254648,45,5.0
40277556,2,5.0
40301526,4,5.0
40328567,4,5.0
40334027,2,5.0
40340201,3,5.0
40361865,7,5.0
40373285,1,5.0
40394483,8,4.38
40440931,14,4.57
40461673,15,4.8
40468022,13,4.85
40496014,10,4.9
40507877,4,5.0
40519127,8,4.88
40527891,2,5.0
40559105,24,4.88
40588167,2,5.0
40590065,3,5.0
40607524,72,5.0
40632277,5,4.8
40634674,46,4.72
40650783,8,4.88
40650927,20,4.8
40658536,2,3.0
40688137,2,5.0
40690830,3,5.0
40698671,41,4.71
40715109,1,4.0
40721499,172,4.75
40745017,5,5.0
40757461,7,4.57
40782962,28,4.89
40793561,23,4.52
40818887,15,4.79
40830264,18,5.0
40840761,10,4.8
40878544,1,5.0
40885292,3,4.67
40893695,2,4.5
40957099,4,4.5
40958005,2,5.0
40980942,1,4.0
41024120,2,5.0
41096614,1,5.0
41127894,6,4.83
41144601,1,5.0
41146674,34,4.97
41149224,23,4.73
41152926,11,4.45
41210673,5,5.0
41226640,18,4.33
41267728,4,5.0
41277010,10,5.0
41285982,21,4.95
41313978,2,5.0
41315495,2,5.0
41345985,2,5.0
41358429,11,4.91
41368324,8,5.0
41372408,12,5.0
41375066,4,5.0
41388131,26,4.65
41400438,3,4.33
41450619,1,5.0
41452325,8,5.0
41468791,6,4.83
41472752,11,4.73
41474439,3,4.33
41498174,3,4.67
41502305,3,5.0
41513085,3,5.0
41546007,1,5.0
41554446,32,4.88
41577717,41,4.88
41587833,6,4.83
41587876,10,5.0
41609032,3,5.0
41630041,2,4.5
41636355,2,5.0
41659658,14,5.0
41677883,4,4.25
41683944,16,4.67
41713162,3,4.67
41717943,5,4.4
41733425,1,5.0
41744892,1,5.0
41756417,28,4.93
41781551,31,4.9
41813857,22,4.95
41850146,148,4.78
41875646,138,4.96
41885338,5,5.0
41926552,4,5.0
41976687,2,5.0
41983802,1,5.0
41989925,2,5.0
42014543,34,4.97
42032477,6,5.0
42032544,103,4.79
42043110,45,5.0
42062305,10,4.7
42085967,47,4.67
42112784,1,5.0
42164310,1,5.0
42174191,2,5.0
42185596,2,5.0
42215550,30,4.77
42217864,19,4.53
42235463,1,5.0
42279971,7,5.0
42318907,1,5.0
42323789,1,4.0
42382291,5,4.8
42396322,16,4.63
42450724,18,4.89
42482009,45,4.84
42502397,18,4.38
42529815,6,4.33
42562547,2,5.0
42578982,234,4.55
42595519,14,4.93
42605117,9,5.0
42622163,1,5.0
42640903,13,5.0
42641650,1,5.0
42687498,1,5.0
42715098,24,4.8
42750053,3,4.67
42768116,37,5.0
42776639,59,4.86
42783282,119,4.67
42784301,162,4.77
42785604,134,4.78
42802114,26,4.88
42812747,1,2.0
42814806,1,5.0
42852045,4,5.0
42874099,16,4.25
42900144,9,4.89
42913219,29,4.62
42914875,51,5.0
42920555,1,5.0
42923092,1,5.0
42950182,46,4.78
42962021,14,4.43
42970351,16,4.38
42971215,32,4.19
42971386,11,4.83
42971544,9,4.44
42971659,18,4.22
42971831,2,2.5
42972621,12,4.5
42973665,26,4.85
42987658,22,4.91
43061299,21,5.0
43087134,4,5.0
43102154,37,4.84
43107691,1,4.0
43145758,1,5.0
43154312,1,5.0
43163658,10,4.9
43184041,3,5.0
43184996,5,5.0
43185389,1,5.0
43337867,7,5.0
43341217,3,4.33
43361196,23,4.91
43394964,1,4.0
43399122,27,4.85
43458055,58,4.66
43517723,6,4.67
43538919,5,5.0
43542403,15,5.0
43556259,7,4.86
43607144,30,4.9
43650805,22,4.45
43662632,3,5.0
43663348,4,4.75
43684857,18,4.78
43708140,4,5.0
43709372,59,5.0
43720755,6,5.0
43735623,76,4.96
43766974,10,4.9
43833231,21,4.71
43860196,75,4.88
43920590,1,5.0
43950260,21,4.24
43973708,36,4.94
43978514,1,5.0
44018422,33,4.91
44034436,128,4.35
44049628,6,4.83
44060333,11,4.18
44060708,1,5.0
44060727,3,2.33
44096368,8,4.88
44129061,4,3.25
44130711,10,4.8
44151982,1,5.0
44201426,12,5.0
44206713,46,4.8
44257482,7,4.5
44285806,5,5.0
44298184,29,4.45
44309849,5,5.0
44316988,17,4.53
44320566,37,4.97
44335902,4,4.75
44344311,18,5.0
44370471,13,4.92
44375988,121,4.76
44377348,10,4.5
44391909,1,4.0
44392004,34,4.74
44404362,58,4.93
44433489,13,4.85
44457543,11,4.73
44472903,12,5.0
44473607,1,5.0
44550673,1,4.0
44552014,5,5.0
44557802,36,4.69
44573802,5,5.0
44575990,2,5.0
44593536,11,4.73
44599142,1,5.0
44605656,1,4.0
44624463,13,5.0
44656479,4,4.0
44656831,16,5.0
44660316,5,5.0
44686079,38,4.36
44732163,5,5.0
44937373,19,4.89
44960119,26,4.69
45009041,65,5.0
45048728,5,4.0
45056742,3,5.0
45095744,43,4.79
45097827,54,4.72
45113690,23,4.91
45121112,17,4.94
45131825,23,4.65
45138688,13,5.0
45167055,2,5.0
45175093,16,4.5
45178861,102,4.72
45178917,106,4.79
45183394,55,4.8
45199217,165,4.8
45228285,15,4.73
45265177,14,4.57
45272429,13,5.0
45281033,22,4.0
45283170,1,5.0
45330506,1,5.0
45338635,10,4.4
45339227,7,4.71
45340704,69,4.32
45345331,9,4.89
45429806,1,2.0
45430042,2,4.0
45430383,1,5.0
45430662,13,4.77
45431140,3,4.67
45461628,13,4.38
45478728,32,4.97
45483905,8,4.11
45490514,3,3.33
45490852,11,4.82
45491052,3,4.67
45501564,9,4.5
45511063,40,4.88
45553381,37,4.47
45556440,13,4.46
45614442,53,4.89
45617612,5,4.8
45632698,6,5.0
45632923,35,4.71
45636793,48,4.38
45664593,25,4.92
45683271,10,4.2
45755653,7,4.57
45795997,4,4.5
45796445,9,4.67
45796614,9,4.89
45809702,13,4.46
45855202,16,4.81
45855776,53,4.85
45863962,3,5.0
45865005,10,5.0
45889975,7,4.43
45891822,31,4.81
45905621,17,4.71
45905767,6,4.43
45905836,34,4.94
45908173,18,4.94
45908262,18,4.61
45908541,39,4.73
45933639,55,4.93
45963273,36,4.25
45987094,2,5.0
45988020,45,4.76
46078464,114,4.91
46133424,1,4.0
46140141,8,4.44
46140429,25,4.24
46185543,5,4.8
46256456,41,4.9
46256482,8,4.63
46256549,3,5.0
46256758,763,4.9
46270057,147,4.83
46272500,145,4.88
46308019,21,4.38
46325368,2,4.5
46336642,18,4.56
46388572,16,5.0
46389034,16,4.94
46389088,560,4.86
46389138,137,4.89
46389198,37,4.79
46389254,13,4.36
46389301,212,4.82
46400464,36,4.44
46424675,25,5.0
46432092,21,4.52
46442345,9,4.78
46442875,13,4.38
46485102,8,4.63
46490940,37,4.72
46521149,17,4.47
46524710,2,3.0
46524711,43,4.51
46525953,135,4.48
46526344,3,3.33
46615094,5,4.6
46616609,15,4.56
46617168,9,4.0
46655896,3,5.0
46672852,2,5.0
46718727,2,5.0
46745463,6,4.67
46828813,7,4.86
46832098,15,4.73
46849666,1,5.0
46910042,1,5.0
46913278,7,4.86
46979149,3,5.0
46985134,6,5.0
47070436,2,5.0
47090991,75,4.79
47114014,10,5.0
47171197,29,4.62
47177737,95,3.9
47286284,20,4.6
47390005,95,3.79
47497124,5,5.0
47507561,12,4.83
47528675,9,4.33
47532933,3,5.0
47558349,8,4.63
47734995,14,4.64
47767802,2,5.0
47856725,180,4.61
47924524,15,4.88
47996264,57,4.79
48101880,5,5.0
48155536,130,4.71
48156670,6,4.5
48178188,86,4.88
48251230,120,4.78
48253360,12,4.67
48255989,16,4.63
48290051,1,5.0
48355680,2,4.0
48366146,16,4.69
48520414,8,5.0
48559022,4,5.0
48621872,4,4.5
48624047,99,4.81
48696135,122,4.72
48697609,93,4.81
48699243,111,4.8
48711799,115,4.85
48730144,6,4.33
48732165,30,4.35
48909326,77,4.99
48949860,5,5.0
48969872,2,4.0
48994110,10,4.36
49034711,3,5.0
49056825,13,4.85
49071541,1,5.0
49088703,30,4.93
49130182,71,4.79
49172477,15,4.6
49229139,58,4.81
49235778,126,4.73
49242701,76,4.63
49243160,1,4.0
49264443,15,4.93
49286475,28,4.93
49293113,4,4.75
49309825,8,4.75
49310324,13,4.77
49311864,8,4.75
49412404,23,4.91
49437334,1,4.0
49437396,1,5.0
49437524,1,4.0
49437547,1,4.0
49437565,2,3.5
49437618,2,4.5
49439022,1,5.0
49439070,1,4.0
49439089,1,4.0
49439228,1,3.0
49439245,1,5.0
49456241,2,3.5
49456279,1,5.0
49456314,2,3.5
49475164,42,4.5
49480472,15,4.73
49493546,57,4.88
49515078,47,4.13
49526913,29,4.83
49559940,32,4.94
49581065,7,4.71
49583478,11,5.0
49590681,41,4.86
49607022,11,4.91
49608857,2,5.0
49630748,27,4.85
49632123,6,5.0
49649859,20,5.0
49670306,6,5.0
49689236,11,5.0
49707122,6,5.0
49735516,33,4.94
49746355,19,4.95
49748280,29,5.0
49750555,8,4.5
49794067,8,5.0
49807619,19,4.79
49821658,1,5.0
49838070,31,4.42
49856320,79,4.9
49868364,2,5.0
49896466,3,3.0
49897979,1,4.0
49898530,6,4.17
49899108,1,5.0
49957369,24,4.92
49959751,25,5.0
49978965,23,4.91
50000244,3,5.0
50025636,82,4.96
50031150,140,4.95
50031459,48,5.0
50060347,10,4.8
50068330,10,4.5
50121275,2,5.0
50130842,9,5.0
50144342,11,5.0
50144740,1,5.0
50146833,13,4.69
50152568,42,4.5
50155251,41,4.98
50163236,54,4.02
50163864,32,4.06
50164216,48,4.5
50176184,5,4.2
50210326,43,5.0
50228505,5,4.8
50254439,40,4.95
50254487,87,4.34
50255079,36,5.0
50264642,9,4.44
50264736,8,4.5
50268059,13,4.54
50279206,20,4.95
50285124,1,5.0
50297158,12,5.0
50319547,24,4.5
50320375,2,4.0
50321372,18,4.94
50322277,100,4.54
50335586,51,4.63
50344192,2,5.0
50370957,13,4.5
50372714,1,5.0
50385818,3,4.33
50389068,31,4.84
50392307,5,5.0
50409788,5,4.2
50413099,2,5.0
50419121,10,5.0
50436408,11,4.83
50464682,2,4.0
50478615,8,5.0
50489856,38,4.71
50497520,2,2.5
50500808,5,4.6
50513430,1,5.0
50516104,19,4.89
50536225,13,4.38
50541895,55,4.4
50546396,5,4.6
50567970,6,5.0
50573341,14,4.71
50591726,11,4.82
50599943,1,3.0
50599976,1,2.0
50600001,2,4.0
50600020,1,3.0
50600551,1,5.0
50629923,1,5.0
50650368,7,5.0
50652160,2,5.0
50654795,1,5.0
50673680,17,4.76
50689589,3,5.0
50693132,2,5.0
50699469,25,5.0
50714698,3,4.0
50729135,3,5.0
50741485,26,4.54
50742243,89,4.98
50750811,84,4.09
50769639,24,4.67
50781623,1,5.0
50782259,1,5.0
50792524,20,4.65
50793462,8,4.83
50809063,35,5.0
50827941,59,4.83
50847070,15,5.0
50860412,3,5.0
50866804,2,5.0
50872278,54,4.33
50872867,1,5.0
50889132,34,5.0
50945957,39,5.0
50963266,7,4.57
51007826,17,4.65
51014450,3,5.0
51020634,1,2.0
51022632,48,4.96
51029849,82,4.6
51031366,85,4.59
51031542,79,4.52
51031682,2,5.0
51038651,42,4.81
51064771,66,4.76
51075650,17,4.24
51082190,45,4.87
51136374,36,4.5
51190643,9,4.89
51195347,11,4.64
51243476,27,4.93
51244696,19,4.89
51245331,10,4.9
51249478,20,4.65
51273207,33,4.94
51286982,17,4.88
51297779,4,5.0
51303025,9,4.78
51327861,74,4.24
51337932,3,4.33
51366929,10,4.8
51392136,3,4.67
51396322,2,4.0
51404725,19,4.95
51418612,2,4.5
51421559,16,4.75
51428225,81,4.61
51428670,73,4.6
51429076,77,4.45
51438606,18,5.0
51445497,2,3.0
51448066,57,3.76
51469748,64,4.91
51477274,26,4.73
51490498,4,5.0
51495670,5,4.8
51497981,15,4.67
51517787,9,4.78
51526797,86,4.51
51529644,17,4.47
51531538,39,4.74
51533613,47,4.61
51533903,30,4.8
51537490,5,5.0
51550199,4,4.5
51558788,22,4.87
51597891,23,4.87
51610271,11,5.0
51632748,19,4.53
51633789,11,5.0
51650600,387,4.3
51662888,2,5.0
51680201,18,4.94
51701549,12,4.25
51727834,88,4.84
51739762,6,5.0
51747040,69,4.73
51764572,15,4.8
51783252,40,4.58
51784778,2,4.5
51854484,5,4.8
51856178,44,4.8
51858059,36,4.92
51858995,8,3.75
51863365,10,4.3
51863565,29,4.45
51875964,14,4.79
51876244,25,4.92
51904846,13,4.92
51933808,22,4.45
51953087,3,5.0
51972464,37,4.95
51972657,45,4.98
51973471,18,4.78
51975398,2,4.5
51975730,10,4.8
51977821,1,3.0
51983700,34,4.47
51987126,52,4.58
51987382,48,4.65
51987615,50,4.5
51987748,46,4.5
52026597,6,5.0
52045621,14,4.29
52079690,13,4.92
52105671,149,4.3
52128482,6,4.83
52128774,1,5.0
52129491,26,4.78
52142160,8,5.0
52182342,7,4.29
52184923,12,3.0
52196669,2,5.0
52196672,5,4.2
52215419,33,4.76
52224011,7,4.0
52252492,15,4.93
52258066,13,4.92
52285822,1,5.0
52291536,4,5.0
52303339,61,4.71
52323659,75,4.29
52331979,64,4.75
52398451,1,5.0
52398570,15,4.93
52416617,1,2.0
52419219,6,5.0
52422587,1,5.0
52449141,18,4.67
52472897,5,5.0
52481263,7,4.71
52486250,68,4.41
52488048,48,4.42
52488754,29,4.9
52493670,6,4.33
52495331,15,4.2
52507747,8,5.0
52512967,2,5.0
52520658,12,4.92
52520963,13,5.0
52523192,54,5.0
52527605,22,4.77
52528641,35,4.89
52529084,3,3.67
52529333,1,5.0
52529383,1,4.0
52529402,2,4.0
52529526,6,4.33
52529567,5,5.0
52529585,3,4.67
52529617,5,4.6
52529670,6,4.5
52529706,7,4.14
52551029,4,4.0
52570927,34,4.97
52577069,17,4.59
52597222,7,4.29
52615340,19,4.89
52643526,2,4.5
52649216,70,4.96
52669907,24,5.0
52672187,65,4.91
52673010,23,4.87
52674849,75,4.89
52691297,12,3.75
52698751,52,4.71
52699731,47,4.6
52713301,12,4.92
52716690,32,4.91
52718033,21,4.9
52727139,2,5.0
52733990,23,5.0
52734973,1,5.0
52735028,4,5.0
52735257,3,5.0
52735307,21,5.0
52745945,4,5.0
52749820,5,4.8
52770483,80,4.83
52778142,31,4.97
52785583,33,4.7
52794975,9,4.89
52810926,88,4.73
52818521,2,5.0
52838534,2,4.5
52851333,12,5.0
52855475,15,5.0
52861115,3,5.0
52874080,10,4.9
52876584,2,5.0
52879011,15,4.67
52879135,4,4.25
52888993,9,4.56
52888995,6,4.67
52888997,12,4.92
52889000,8,4.63
52898729,27,4.96
52911855,2,4.0
52927892,7,4.71
52929299,24,4.54
52954832,1,5.0
52965094,23,4.91
52967762,32,4.94
52990540,44,4.42
53006324,36,4.92
53009658,27,4.63
53041713,24,5.0
53056286,5,4.8
53078773,48,4.67
53080378,18,4.39
53088663,42,4.57
53094955,2,4.5
53100033,1,5.0
53108755,3,4.33
53123278,10,5.0
53123300,13,5.0
53132958,62,4.55
53140691,1,5.0
53148996,49,4.92
53149283,9,4.56
53152026,5,5.0
53209333,7,4.86
53209707,11,4.91
53218842,1,5.0
53229444,9,4.67
53240326,6,5.0
53249819,72,4.78
53266344,14,4.64
53270442,7,4.57
53273856,2,4.0
53289715,31,4.97
53292132,1,4.0
53303327,4,5.0
53303746,65,4.78
53318179,2,4.5
53321908,3,5.0
53349560,8,4.88
53377716,18,4.94
53386201,2,2.0
53388084,65,4.76
53389798,6,5.0
53393076,2,4.5
53394718,2,5.0
53408613,7,5.0
53413389,22,4.91
53424615,30,4.47
53426254,25,4.72
53426384,12,4.92
53431525,7,4.86
53440485,49,4.98
53442114,64,4.7
53442513,3,3.67
53445204,1,1.0
53471191,3,4.0
53478769,59,4.88
53498258,7,5.0
53506934,26,4.58
53512491,28,4.57
53513038,10,4.7
53513217,10,4.8
53515974,20,4.45
53516117,14,4.71
53520535,40,4.78
53528873,5,4.2
53537572,16,4.94
53564215,4,3.75
53575155,19,4.79
53583447,7,4.29
53590393,6,4.67
53595886,39,4.87
53619494,14,3.79
53640813,1,5.0
53666448,5,5.0
53672988,15,5.0
53679798,40,4.9
53694234,21,4.9
53705089,3,5.0
53712114,38,3.71
53716560,20,4.6
53732918,22,4.82
53735393,1,3.0
53766135,9,4.89
53793499,16,4.31
53814629,4,4.75
53848712,8,4.63
53944415,5,4.2
54009609,19,4.6
54027644,38,3.74
54027669,61,4.66
54027805,56,4.66
54044099,2,4.0
54046641,3,5.0
54068711,17,4.24
54102859,38,4.82
54118030,35,3.94
54118515,20,4.35
54139065,5,4.6
54211379,4,5.0
54220455,19,4.89
54220727,8,4.88
54221330,8,4.88
54224279,7,5.0
54242503,15,5.0
54257253,17,4.53
54257552,2,4.5
54271670,4,4.5
54275882,39,4.54
54276308,3,5.0
54301219,7,4.86
54304728,11,4.82
54312582,15,4.6
54313076,5,4.8
54324996,4,4.75
54332999,6,4.33
54350199,2,5.0
54372393,9,3.67
54394467,21,4.86
54394539,13,4.77
54394546,19,4.89
